DATE,JPM US Equity,BAC US Equity,WFC US Equity,C US Equity,USB US Equity,PNC US Equity,COF US Equity,BBT US Equity,STI US Equity,ADM US Equity,MTB US Equity,KEY US Equity,FITB US Equity,CFG US Equity,RF US Equity,FRC US Equity,HBAN US Equity,CMS US Equity,CMA US Equity,ZION US Equity,EWBC US Equity,CBSH US Equity,SBNY US Equity,CFR US Equity,PBCT US Equity,BOKF US Equity,WBS US Equity,NYCB US Equity,FCNCA US Equity,WAL US Equity,CIT US Equity,PACW US Equity,PB US Equity,TFSL US Equity,PNFP US Equity,FFIN US Equity,SNV US Equity,WTFC US Equity,STL US Equity,UMPQ US Equity,HE US Equity,IBKC US Equity,GBCI US Equity,FNB US Equity,MBFI US Equity,ASB US Equity,TCF US Equity,UBSI US Equity
1999-12-31,51.7917,25.0938,20.2188,388.4687,20.8301,44.5,48.1875,27.375,68.8125,10.9977,41.425,22.125,48.9167,#N/A,20.3507,#N/A,21.7045,31.1875,46.6875,59.1875,5.7188,13.4055,#N/A,25.75,4.4709,17.9502,23.5625,6.7813,69.75,#N/A,#N/A,#N/A,8,#N/A,#N/A,4.92,60.8395,10.1667,3.5112,9.25,14.4375,11,5.686,9.7077,8.2917,18.8705,12.4375,23.875
2000-01-31,53.7917,24.2188,20,397.6246,23.5417,48,41,28.125,59.5625,10.6576,41.1,21,44.25,#N/A,19.642,#N/A,19.6023,30,44.1875,59.125,6.2813,12.1812,#N/A,24.875,4.3783,14.8822,23.25,5.7031,60.875,#N/A,#N/A,#N/A,7.9688,#N/A,#N/A,4.5,58.1611,10.0833,3.3842,8.5,15.0625,11.2,5.2011,9.5986,7.6667,16.6667,11.4688,21.125
2000-02-29,53.0833,23,16.5313,361.0012,17.5639,38.6875,36.8125,23.5,50.8125,9.127,36.9,16.9375,34.7083,#N/A,16.4021,#N/A,18.9773,16.75,36.8125,53.0625,6.2813,11.3774,#N/A,21.5,4.2229,13.7715,21.125,4.75,64.5,#N/A,#N/A,#N/A,7.0313,#N/A,#N/A,4.16,50.1257,10.1667,3.5535,7.875,14.4063,11.1,4.6722,9.4895,7.3333,13.9463,9.9063,18.3125
2000-03-31,58.125,26.2188,20.375,417.6802,22.6173,45.0625,47.9375,28.0625,57.75,9.3537,44.65,19,42,#N/A,18.4776,#N/A,20.3409,18.125,41.875,41.625,5.5313,12.342,#N/A,26.4375,4.4312,16.437,23,4.5156,56.469,#N/A,#N/A,#N/A,7.375,#N/A,#N/A,4.2,57.7784,9.5,3.4266,6.375,15.9063,10.8,4.9807,8.017,6.625,16.4601,11.9063,22
2000-04-28,48.0833,24.5,20.5313,411.5763,24.5278,43.625,43.75,26.625,50.75,9.0136,43.925,18.5,42.0833,#N/A,16.5539,#N/A,16.5909,19,42.375,41.5,6.25,12.2183,#N/A,24.6875,4.3122,14.5767,21.375,5.0781,63.125,#N/A,#N/A,#N/A,6.9688,#N/A,#N/A,4.32,56.8218,10.3333,3.4124,8.375,18.5,11.2,5.0248,9.0478,7.3333,14.084,11.6875,21.8125
2000-05-31,49.7917,27.7188,22.625,433.8119,25.2057,50.1875,47.25,29.3125,59.75,10.8277,43.25,21,45.3333,#N/A,18.3258,#N/A,17.6136,22.75,50.625,46.625,6.1563,13.7518,#N/A,26.5,4.4577,14.4934,23.0625,4.9375,60,#N/A,#N/A,#N/A,7.4688,#N/A,#N/A,4.68,61.2222,10.0417,3.4689,8.5,17.6563,11.6,4.9455,8.4178,7.3333,15.4261,13.0938,19
2000-06-30,46.0625,21.5,19.375,420.2961,20.7685,46.875,44.625,23.875,45.6875,8.9002,45,17.625,42.1667,#N/A,16.0983,#N/A,14.375,22.125,44.875,45.8906,7.1875,11.7731,#N/A,26.2969,3.8889,15.6041,22.1875,4.6094,59.5,#N/A,#N/A,13.375,8.0625,#N/A,#N/A,4.4,53.9521,10.2917,3.3842,8,16.4063,12.3,5.1152,9.4486,8.1667,13.2197,12.8516,18.1875
2000-07-31,49.8125,23.6875,20.75,491.7988,19.4743,50.875,58.5938,24.9375,47.875,8.5034,47.244,17.5625,41.3125,#N/A,16.149,#N/A,15.6875,25.5625,51,43.75,8,12.985,#N/A,28.4375,4.1799,16.2704,22.375,5.7813,61,#N/A,#N/A,14.5,8.5,#N/A,#N/A,4.64,55.1,10.4167,3.5112,7.9375,15.875,13.2,4.7515,9.3341,8,13.8258,14.7188,18.9375
2000-08-31,55.875,26.791,21.6035,543.137,23.561,58.9571,60.3321,27.0821,49.3946,8.4115,48.469,20.2071,46.1875,#N/A,17.617,#N/A,16.875,26.125,56.3321,44.75,8.5313,14.2464,#N/A,31,4.4709,15.8817,24.6563,6.5938,65.813,#N/A,#N/A,15.375,8.2188,#N/A,4.6875,5.12,60.3255,11.5417,3.5958,7.8125,16.375,13.7,4.9212,10.0785,8.8333,15.2178,16.4063,19.875
2000-09-29,46.1875,26.1875,22.9688,502.8438,22.0627,65,70.0625,30.125,49.875,8.2143,51,25.3125,53.875,#N/A,18.3764,#N/A,14.6875,26.9571,58.4375,51.1406,9.7813,14.568,#N/A,32.5,4.4577,16.437,26.9375,7.2188,71.563,#N/A,#N/A,15.4375,9.1875,#N/A,4,5.13,64.8573,11.3333,3.5253,7.8125,17.4473,14.65,4.3152,9.7922,9.0417,15.9091,18.8125,19.625
2000-10-31,45.5,24.0313,23.1563,489.4734,19.4127,66.875,63.125,31.875,48.8125,10.4762,50.2,24.6875,51.375,#N/A,19.0851,#N/A,14.375,27,60.3125,57.4375,9.4688,14.2217,#N/A,33.3125,4.2857,16.8813,24.375,7,74,#N/A,#N/A,14.9375,9.4375,#N/A,3.375,4.92,66.0052,10.8333,3.5676,7.9375,16.4688,15.95,4.9697,9.8495,7.7917,14.5833,20.2188,19.5
2000-11-30,36.875,19.9688,23.7188,463.3139,19.1045,66.5,55.8125,33.375,50.8125,12.1429,54.76,24.9375,53.625,#N/A,19.642,#N/A,15.25,27.8125,52.0625,54.625,10.9375,15.6859,#N/A,32.25,4.2593,16.3815,23.3125,7.7344,73.063,#N/A,#N/A,14.875,8.9375,#N/A,3.5625,5,67.727,10.4583,3.6099,7.6875,17,14.15,4.5576,9.2195,8,15.0379,20.3438,19.4375
2000-12-29,45.4375,22.9375,27.8438,474.9403,22.9255,73.0625,65.8125,37.3125,63,14.2857,68,28,59.75,#N/A,22.1225,#N/A,16.1875,31.6875,59.375,62.4375,12.4688,17.6596,#N/A,41.8125,5.4762,18.8803,28.3125,9.1875,80.75,#N/A,#N/A,14.8125,9.875,#N/A,3,5.03,82.4586,10.625,3.6381,8.5,18.5938,17.4,4.7515,9.6204,8.9167,18.4091,22.2813,21.25
2001-01-31,54.99,26.91,25.755,520.5858,23.2706,74.02,63.02,36.63,66.9,14.219,68.3,26.66,59.25,#N/A,24.0969,#N/A,15.4375,29.5,60.3,55.875,11.5938,17.0104,#N/A,38.7,5.4563,19.7133,28.3125,9.5156,87,#N/A,#N/A,16.625,10.1875,#N/A,3.5313,5.43,84.7009,12.75,3.7227,9.5,18.07,18.4,5.2848,9.9067,9.3333,20.6061,19.775,21.6875
2001-02-28,46.66,25.35,24.82,457.4309,22.8761,69.5,55.25,36.13,65.73,14.3333,68.5,26,53.8125,#N/A,24.2994,#N/A,14.9375,29.55,63.65,57.4375,11.5313,16.439,#N/A,35.86,5.6217,20.5463,28.4375,9.7969,94.125,#N/A,#N/A,17.125,11.125,#N/A,3.5,5.24,85.1601,12.2917,3.9765,9.9375,18.375,20,5.8182,10.6512,10.25,21.0985,18.45,22.75
2001-03-30,44.9,27.375,24.735,418.366,22.8761,67.75,55.5,35.17,64.8,12.5238,69.9,25.8,53.4375,#N/A,23.0338,#N/A,14.25,29.59,61.5,52.09,9.625,15.4781,#N/A,34.25,5.4497,21.8235,29.3125,10.875,102.5,#N/A,#N/A,21,9.75,#N/A,3.375,5.32,82.65,12.4167,3.8496,9.875,18.475,19.1,5.6727,10.9947,11.5,20.1515,18.895,22.125
2001-04-30,47.98,28,23.485,457.1519,20.8843,65.07,62.86,35.42,63.5,11.3429,71.55,23.18,53.76,#N/A,24.6639,#N/A,15.07,31.3,51.43,53.29,10.38,14.0862,#N/A,32,4.7704,21.2793,31.86,12.6563,94.3,#N/A,#N/A,17.85,10.645,#N/A,3.125,6.1008,88.0987,13.4667,3.9799,9.99,18.59,19.76,6.1013,11.8652,12.9667,21.1697,19.015,23
2001-05-31,49.15,29.625,23.54,476.6843,21.9887,69.25,65.11,36.15,61.42,12.8571,75.55,23.78,58.87,#N/A,25.1336,#N/A,14.98,29.67,56.9,54.14,11.825,14.9629,#N/A,33.5,4.9735,23.3361,31.3,12.39,93.5,#N/A,#N/A,18.6,11.505,#N/A,3.75,5.888,92.9965,17.34,4.8056,11.95,18.535,22.4,7.3387,11.6647,14.8133,21,20.945,23.92
2001-06-29,44.47,30.015,23.215,491.4731,22.4719,65.79,60.15,36.7,64.78,12.4286,75.5,26.05,60.05,#N/A,25.9193,#N/A,16.35,27.85,57.6,59,13.5,15.3327,#N/A,33.85,4.9333,24.6173,32.78,14.1188,108.5,#N/A,#N/A,18.8,11.965,#N/A,3.025,6.2,96.0576,16.5667,4.4063,12.81,19.1,23.64,7.3697,12.8432,17.3333,21.8121,23.155,26.8
2001-07-31,43.3,31.81,23.03,467.0111,23.4086,66.35,64.27,36.91,69.25,12.7524,80.5,26.75,63.02,#N/A,25.9193,#N/A,18.31,26.67,61.59,58.45,12.76,16.0973,#N/A,35.11,5.3354,27.9667,35.74,15.9488,100.51,#N/A,#N/A,20.25,13.465,#N/A,3.75,6.106,104.5369,21.0067,4.377,13.22,19.575,24,6.943,12.6893,16.8933,21.6303,24.4,27.6
2001-08-31,39.4,30.75,23.005,425.993,23.9016,66.59,55.61,36.78,68.3,13.43,72.65,25.1,58.3,#N/A,23.8134,#N/A,18.18,23.46,59.75,57.26,11.805,16.7829,#N/A,35.75,5.2677,27.7013,32.52,13.9238,102.21,#N/A,#N/A,22.05,13.15,#N/A,3.75,6.332,94.2822,21,4.7628,13.05,19.84,23.864,7.2572,12.444,17.2667,20.5515,22.7,27.9
2001-09-28,34.15,29.2,22.225,376.6969,21.8704,57.25,46.03,36.45,66.6,12.59,74,24.14,61.48,#N/A,23.376,#N/A,17.31,20,55.4,53.66,11.695,15.6319,#N/A,26.95,4.6984,27.6281,32.96,13.0556,83.19,#N/A,#N/A,22.95,12.85,#N/A,3.675,5.906,84.4866,20.7,4.8485,12.35,19.5,22.88,7.3697,12.5787,16.6667,20.5394,23.03,27
2001-10-31,35.36,29.495,19.75,423.3887,17.5318,54.9,41.31,32.1,59.86,13.93,65.5,21.26,56.42,#N/A,21.7965,#N/A,15.43,21.51,46.09,47.92,11.295,15.0709,#N/A,26.96,4.6095,28.3694,30.35,14.1019,94,#N/A,#N/A,20.5,13.71,#N/A,3.625,5.972,70.4667,18.9867,5.1328,12.34,18.61,22.184,6.2798,11.7176,17.1333,20.8606,21,27.2
2001-11-30,37.72,30.69,21.4,445.5254,18.7151,57.95,50.03,34.15,63.26,15.39,70.5,22.9,60.09,#N/A,23.3031,#N/A,16.19,23.03,51.36,48.28,11.055,16.4658,#N/A,28.15,4.5122,28.9185,30.53,12.8813,92.62,#N/A,#N/A,19.8,12.515,#N/A,4.025,5.698,71.9361,20.3933,5.5727,12.66,18.7,21.76,7.3115,12.266,17.2,20.7697,22.975,27.14
2001-12-31,36.35,31.475,21.735,469.5224,20.6378,56.2,53.95,36.11,62.7,14.35,72.85,24.34,61.33,#N/A,24.2508,#N/A,17.19,24.03,57.3,52.58,12.875,17.0112,#N/A,30.88,4.4995,28.8361,31.53,12.8644,97.75,#N/A,#N/A,20.25,13.495,#N/A,5.125,6.02,76.6808,20.38,6.588,13.5,20.14,22.176,8.0756,12.6749,18.1267,21.3879,23.99,28.86
2002-01-31,34.05,31.515,23.195,440.8748,20.5294,57.75,50.17,35.24,61.6,13.94,75,24.61,63.25,#N/A,25.328,#N/A,17.51,22.83,56.29,50.34,13.1,17.2294,#N/A,31.45,4.6434,28.7171,33.25,15.4913,100.8,#N/A,#N/A,19.6,14.5,#N/A,4.75,6.2,84.6091,19.9933,6.2473,13.4,20.75,23.16,8.2967,13.3243,19.8333,20.9939,24.635,28.94
2002-02-28,29.25,31.975,23.45,420.8774,20.559,54.94,49.27,37.01,62.79,13.85,76.5,25.08,63.76,#N/A,26.3243,#N/A,18.45,21.8,59.85,52.85,14.475,18.211,#N/A,34.45,4.8487,29.2022,35.06,16.5038,100,#N/A,#N/A,20.45,14.5,#N/A,4.975,6.5,89.6905,21.7133,6.2338,14.25,21.42,26.968,7.7304,13.9592,20.3667,22.2182,25.7,28.67
2002-03-29,35.65,34.01,24.7,460.5933,22.2549,61.49,63.85,38.11,66.73,13.93,80.37,26.65,67.48,#N/A,27.8228,#N/A,19.7,22.63,62.57,59.27,14.645,19.293,#N/A,35.87,5.2169,31.0233,37.43,15.5531,102.96,#N/A,#N/A,26.3,16.275,#N/A,4.875,6.642,93.3026,22.97,5.9788,14.96,22.005,27.736,8.7893,14.0939,19.9667,23.0485,26.305,29.53
2002-04-30,35.1,36.24,25.575,402.7401,23.3692,55.15,59.89,38.08,67.98,13.27,85.38,28.11,68.59,#N/A,28.406,#N/A,20.29,19.36,62.85,54.08,17.9,19.3585,#N/A,37.74,5.6254,31.1148,39.63,16.6838,109.2,#N/A,#N/A,26.59,16.475,#N/A,5.25,7.2038,82.7724,24.7,6.024,16.15,23.62,29.68,8.3782,14.5509,20.6067,24.9733,26.025,32
2002-05-31,35.95,37.905,26.2,401.624,23.3199,56.25,62.44,37.58,68.3,14.55,87.17,27.3,65.17,#N/A,29.1997,#N/A,19.97,18.06,64.1,55.07,16.885,19.725,#N/A,38.59,5.7418,32.9814,39.38,15.9806,111.25,#N/A,#N/A,25.65,17,#N/A,5.6,7.18,81.5786,28.86,6.4301,16.84,22.775,29.936,8.8436,15.6572,20.7533,25.2333,25.63,29.78
2002-06-28,33.92,35.18,25.03,360.4198,23.0241,52.28,61.05,38.6,67.72,12.79,85.76,27.3,66.65,#N/A,28.4708,#N/A,19.42,10.98,61.4,52.1,17.26,19.3018,#N/A,35.95,5.5259,31.5393,38.24,15.0075,110.59,#N/A,#N/A,23.21,18.5,#N/A,5.87,8.3678,84.2417,34.57,6.3263,18.48,21.275,32.432,9.503,13.8692,22.9267,25.14,24.55,29.38
2002-07-31,24.96,33.25,25.43,311.9608,21.0914,42.15,31.7,37.02,65.8,11.7,83.6,26.26,66.07,#N/A,28.5356,#N/A,19.74,8.12,58.16,50.51,17.295,17.8227,#N/A,36.6,5.3757,29.5598,36.99,16.2,103.535,#N/A,#N/A,29.07,18.25,#N/A,5.75,7.62,73.4666,32.61,6.3962,15.41,21.41,30.8,9.0143,14.945,19.9867,23.6,23.73,29.51
2002-08-30,26.4,35.04,26.095,327.5,21.19,46.09,35.67,38.05,67.51,12.19,85.8,26.83,67.02,#N/A,28.9324,#N/A,20.19,10.56,58.5,54.62,18.125,18.7389,#N/A,37.4,5.1683,31.3979,38.14,17.5556,108.24,#N/A,#N/A,31.5,19.06,#N/A,5.87,7.1,73.987,32,6.3962,15.85,22.53,32,8.7855,15.4552,23.2533,23.2067,24.3,30.412
2002-09-30,18.99,31.9,24.08,296.5,18.3206,42.17,34.92,35.04,61.48,12.51,78.81,24.97,61.23,#N/A,26.462,#N/A,18.19,8.06,48.22,43.53,16.88,17.0461,#N/A,34.15,4.7471,30.6344,33.58,15.8456,103.082,#N/A,#N/A,28.94,17.03,#N/A,5.595,7.288,63.1201,28.65,6.4188,16.43,21.55,30.104,8.8359,14.1521,22.3333,21.1533,21.165,29.01
2002-10-31,20.75,34.9,25.235,369.5,20.7956,40.66,30.47,36.25,60.84,13.62,81.92,24.43,63.5,#N/A,27.434,#N/A,18.91,7.83,43.66,40.21,17.25,18.1456,#N/A,34.63,5.2063,30.936,32.41,16.3463,99.76,#N/A,#N/A,31.5,18.77,#N/A,5.575,7.728,62.7221,31.33,6.588,15.84,23.935,29.48,8.8514,14.5208,22.6,22.3733,21.22,30.22
2002-11-29,25.17,35.04,23.105,388.8,21.5943,42.2,33.8,37.99,58.66,13.33,80.68,26.09,56,#N/A,28.1387,#N/A,19.57,9.95,47.33,41.15,17.19,18.3245,#N/A,33.1,5.382,30.9548,32.6,15.6825,100.11,#N/A,#N/A,30.77,18.5,#N/A,6.095,7.844,63.7629,30.191,7.0595,17.61,21.505,30.656,8.96,14.2284,23.4667,22.3533,21.325,29.24
2002-12-31,24,34.785,23.435,351.9,20.9238,41.9,29.72,36.99,56.92,12.4,79.35,25.14,58.55,#N/A,27.0209,#N/A,18.71,9.44,43.24,39.349,18.04,17.9992,#N/A,32.7,5.3333,30.5307,34.8,16.245,96.6,#N/A,#N/A,32.931,19,#N/A,6.455,7.6,59.3855,31.32,7.0054,18.25,21.99,32.128,9.1384,13.8995,23.1933,22.6267,21.845,29.061
2003-01-31,23.34,35.025,23.685,343.8,20.8055,44.04,31.05,33.56,56.65,12.05,79.8,24.05,53.35,#N/A,26.5511,#N/A,18.97,5.67,40.5,41.42,17.48,17.9396,#N/A,31.07,5.3884,30.7758,36.43,16.605,91,#N/A,#N/A,28.67,18.99,#N/A,6.555,7.368,59.1712,29.96,6.9355,19.56,20.62,31.992,9.3824,13.8743,23.4,23.04,21.8,29.03
2003-02-28,22.68,34.62,22.675,333.4,20.628,44.93,30.97,32.83,56.25,10.9,79.02,23.73,53.11,#N/A,26.2271,#N/A,19.2,4.5,40.98,42.76,16.625,17.7472,#N/A,31.16,5.4476,30.6061,35.6,16.0931,93.31,#N/A,#N/A,28.91,17.88,#N/A,6.65,7.85,58.9264,29.52,7.0392,18.51,19.9,30.984,9.3556,14.0415,23.2067,23.04,20.97,27.73
2003-03-31,23.71,33.42,22.495,344.5,18.7151,42.38,30.01,31.43,52.65,10.8,78.58,22.56,50.231,#N/A,26.2433,#N/A,18.59,4.41,37.88,42.78,15.425,16.744,#N/A,30.38,5.3439,30.7946,35.12,16.7625,94.09,#N/A,#N/A,28.911,16.58,#N/A,6.73,7.1,54.7632,28.6,7.1069,18.09,20.38,32.56,10.3796,14.4652,23.8667,21.5533,20.02,27.7
2003-04-30,29.35,37.025,24.13,392.5,21.8408,43.9,41.87,32.6,57.22,11.08,84.47,24.11,49.22,#N/A,27.3044,#N/A,19.38,6.23,43.51,49.24,16.93,17.3395,#N/A,32.79,5.5746,33.9806,37.54,19.53,97.26,#N/A,#N/A,29.79,17.62,#N/A,7.1,8.0038,59.5998,30.37,7.4228,19.65,20.675,34.84,10.8218,15.3693,25.0467,23.2933,19.8,28.88
2003-05-30,32.86,37.1,24.15,410.2,23.3692,49.25,48.17,34.19,59.3,11.97,89.05,26.4,57.4,#N/A,28.3817,#N/A,20.49,7.92,46.27,51.05,18.355,18.6085,#N/A,34.07,5.9704,35.1068,37.85,20.775,101.6,#N/A,#N/A,30.15,18.49,#N/A,7.875,8.1538,69.8545,30,7.2355,19.85,22.9,39.064,10.7221,15.984,26.3267,24.9333,19.845,30.45
2003-06-30,34.18,39.515,25.2,428,24.158,48.81,49.18,34.3,59.34,12.87,84.22,25.27,57.42,#N/A,27.3611,#N/A,19.51,8.1,46.5,50.6,18.065,17.8297,#N/A,32.1,6.1354,37.466,37.8,21.8175,100.83,#N/A,#N/A,30.91,19.249,#N/A,7.975,8.365,65.8139,29.79,7.2423,18.58,22.925,39.2,10.5045,16.0317,26.7667,24.4067,19.92,28.63
2003-07-31,35.05,41.285,25.265,448,24.1777,48.95,47.91,34.9,60.9,13.14,88.57,26.91,55.01,#N/A,29.2402,#N/A,20.48,6.5,48.48,55.89,21.615,19.9874,#N/A,36.62,6.0296,37.4757,37.46,22.425,115.97,#N/A,#N/A,32.84,21.24,#N/A,9,8.995,72.0279,35.39,8.8667,18.85,21.265,40.6,11.8822,16.7317,28.3333,25.0533,22.825,30.31
2003-08-29,34.22,39.625,25.07,433.5,23.5664,47.6,53.4,36.52,61.13,13.87,84.24,27.23,58.6,#N/A,28.5599,#N/A,19.97,6.67,49.34,55.77,22.165,19.882,#N/A,38.07,6.328,38.466,38.95,23.07,107.21,#N/A,#N/A,34.05,21,#N/A,8.975,9.29,74.8441,35.41,8.7539,18.69,21.49,38.4,11.5243,17.8984,28.6667,25.4533,22.995,30.85
2003-09-30,34.33,39.02,25.75,455.1,23.6551,47.58,57.04,35.91,60.37,13.11,87.3,25.57,55.54,#N/A,27.7418,#N/A,19.85,7.37,46.6,55.99,21.375,20.0424,#N/A,37.23,6.3492,36.8447,39.88,23.6325,105.7,#N/A,#N/A,33.5,21.31,#N/A,9.875,9.24,76.4971,37.8,9.4804,19.01,21.765,42.096,11.7035,18.2962,29.6,25.26,23.975,29.95
2003-10-31,35.9,37.865,28.16,474,26.84,53.57,60.8,38.67,67.07,14.35,93.9,28.25,58.17,#N/A,29.7667,#N/A,21.6,8.12,51.48,61.3,24.545,21.9344,#N/A,38.76,6.9291,36.699,44.7,27.15,114,#N/A,#N/A,35,23.1,#N/A,12.45,10.45,84.4866,43.3,9.7015,20.44,22.885,41.256,13.1243,17.4636,31.5267,27.4933,26.09,30.25
2003-11-28,35.4,37.715,28.665,470.3,27.3232,54.36,59.72,39.36,71.05,14.29,93.87,27.79,58.13,#N/A,30.0583,#N/A,21.99,7.89,52.41,61.81,26.19,23.0167,#N/A,40.18,6.855,37.6408,45.85,29.1375,109.52,#N/A,#N/A,36.96,21.98,#N/A,12.15,10.5625,87.7314,44.82,10.8183,21.5,23.045,46.024,13.5125,17.5962,34.64,28.0667,26.37,31
2003-12-31,36.73,40.215,29.445,485.4,29.3643,54.73,61.29,38.64,71.5,15.22,98.3,29.32,59.1,#N/A,30.1312,#N/A,22.5,8.52,56.06,61.34,26.84,23.5795,#N/A,40.57,6.8889,37.5922,45.86,28.5375,120.5,#N/A,#N/A,36.14,22.64,#N/A,11.75,10.28,88.5273,45.1,10.604,20.79,23.685,47.2,13.8539,18.8,36.4,28.5333,25.675,31.19
2004-01-30,38.89,40.73,28.705,494.8,28.27,56.51,71.08,37.1,72.36,15.66,89.97,31.09,57.74,#N/A,30.3742,#N/A,22.33,8.78,57.11,58.64,26.15,23.5314,#N/A,40.43,8.0233,38.1553,50.35,30.9375,118.02,#N/A,#N/A,38.71,23.86,#N/A,13.45,10.025,76.8338,46.82,11.18,20.4,25.405,48.248,13.1413,20.65,36.94,28.9267,25.03,30.12
2004-02-27,41.02,40.96,28.675,502.6,28.53,58.62,70.72,37.15,72.31,17.2,96.05,32.42,56.02,#N/A,29.8882,#N/A,23.13,9.2,57.54,58.27,26.575,23.7671,#N/A,42.42,9.5132,39.4175,50.35,35.12,124.97,#N/A,#N/A,39.43,23.5,#N/A,14.755,9.955,76.6808,48.1,11.5,20.52,26.475,49.792,13.7856,22.48,37.39,29.5933,25.99,30.87
2004-03-31,41.95,40.49,28.335,517,27.65,55.42,75.43,35.3,69.71,16.87,89.85,30.29,55.37,#N/A,29.5804,#N/A,22.03,8.95,54.32,57.1,28,22.9493,20.94,42.76,9.8392,39.8058,50.71,34.28,123,#N/A,#N/A,37.39,23.67,#N/A,15.25,10.0475,74.8441,48.63,11.85,20.19,25.92,47.08,13.76,22.1,38.99,29.86,25.535,30.5
2004-04-30,37.6,40.245,28.23,480.9,25.64,53.1,65.53,34.49,68.05,17.56,85,29.7,53.72,#N/A,28.1144,#N/A,21.4,8.31,51.63,56.59,28.165,21.5977,23.53,43.3,8.9312,37.9223,43.5,25.07,122.5,#N/A,#N/A,34.25,23.17,#N/A,14.705,10.2925,73.0687,47.5,10.55,18.97,24.88,45.6,13.0987,19.6,35.26,27.32,24.775,30.01
2004-05-31,36.84,41.565,29.4,464.3,28.1,55.21,70.06,37.68,65.08,16.63,90.57,31.41,54.29,#N/A,30.7954,#N/A,22.77,8.62,56.61,61.3,30.335,22.3913,25.05,43.82,10.1524,38.05,46.84,23.42,116,#N/A,#N/A,36.3,23.41,#N/A,15.8,10.1825,78.8236,47.52,10.48,19.02,24.305,46.408,14.0907,19.96,33.69,29.25,27.89,31.2
2004-06-30,38.77,42.31,28.615,465,27.56,53.08,68.38,36.97,64.99,16.78,87.3,29.89,53.78,#N/A,29.6047,#N/A,22.98,9.13,54.88,61.45,30.7,22.1003,23.75,44.75,9.8889,39.27,47.02,19.63,122,#N/A,#N/A,38.44,24.35,#N/A,18.3,10.4825,77.5073,50.51,11.4,20.99,26.1,47.288,15.024,20.4,36.81,29.63,29.025,32.5
2004-07-30,37.33,42.505,28.705,440.9,28.3,50.6,69.32,38.73,65.95,15.43,93.23,30.18,49.36,#N/A,29.69,#N/A,24.43,9.03,58.47,60.5,33.72,22.4202,24.98,43.02,10.0032,41.03,46.92,19.24,119,#N/A,#N/A,39.75,24.23,#N/A,21.5,10.005,77.9665,53.03,11.05,22.61,25.53,44.952,14.1067,20.13,36.44,30.11,30.2,31.52
2004-08-31,39.58,44.98,29.375,465.8,29.5,53.67,67.76,39.99,68.1,15.97,94.98,31.35,49.81,#N/A,32.29,#N/A,24.67,9.6,60.15,62.28,36.23,23.2476,26.62,44.99,10.473,42.9,49.2,21.35,117.01,#N/A,#N/A,40.71,25.92,#N/A,21.39,10.2225,77.7522,54.88,11.25,23.13,25.81,44.936,15.0293,21.36,37.58,31.3,31.805,33.16
2004-09-30,39.73,43.33,29.815,441.2,28.9,54.1,73.9,39.69,70.41,16.98,95.7,31.6,49.22,#N/A,33.06,#N/A,24.91,9.52,59.35,61.04,33.59,23.1321,26.75,46.47,11.3429,44.61,49.39,20.54,118,#N/A,#N/A,41,26.72,#N/A,21.5,10.04,80.048,57.28,11.74,22.56,26.54,46.176,15.552,22.13,39.64,32.07,30.29,34.65
2004-10-29,38.6,44.79,29.86,443.7,28.61,52.3,73.76,41.11,70.38,19.37,103,33.59,49.19,#N/A,35.08,#N/A,23.95,9.36,61.51,66.14,40.04,23.6179,29.47,49,11.9016,45.51,47.8,18.36,117.95,#N/A,#N/A,41.97,27.25,#N/A,22.47,10.545,83.2316,57,12.085,24.88,28.04,48.816,16.88,20.53,42.74,34.69,31.52,36.67
2004-11-30,37.65,46.27,30.885,447.5,29.63,54.4,78.58,42.45,71.3,21.2,105.41,33.29,50.36,#N/A,34.99,#N/A,24.26,10.2,61.5,66.5,41.47,24.7029,31.41,47.91,12.6222,48.8,50.05,19.78,135,#N/A,#N/A,42.02,28.36,#N/A,24.33,10.8125,82.65,59.84,13.26,25.57,28.25,51.68,18.4587,21.23,42.2,33.23,30.91,38.27
2004-12-31,39.01,46.99,31.075,481.8,31.32,57.44,84.21,42.05,73.88,22.31,107.84,33.9,47.3,#N/A,35.59,#N/A,24.74,10.45,61.02,68.03,41.96,25.3544,32.36,48.6,12.346,48.76,50.64,20.57,148.25,#N/A,#N/A,42.7,29.21,#N/A,22.621,11.2025,87.4865,56.96,13.19,25.21,29.15,53.088,18.1547,20.36,42.15,33.23,32.14,38.15
2005-01-31,37.33,46.37,30.65,490.5,30.05,53.87,78.28,39.47,72.02,24.2,102.36,33.42,46.47,#N/A,32,#N/A,22.97,10.53,57.86,67.82,38.94,24.2786,30.33,46.96,11.7556,42.11,44.85,17.83,142,#N/A,#N/A,42.56,27.78,#N/A,22.12,11.49,83.0479,55.48,12.75,24.28,29.11,48.504,16.9973,19.78,39.69,33.03,28.11,34.1
2005-02-28,36.55,46.65,29.69,477.2,29.75,52.64,76.68,39.15,72.44,24.1,99.01,33,44.77,#N/A,32.26,#N/A,22.5,12.14,57.08,66.1,35.96,23.8443,29.58,46.48,12.127,40.57,43.8,18.36,147.79,#N/A,#N/A,43.19,27.61,#N/A,21.75,11.24,83.1397,53.66,12.86,23.91,26.62,47.072,16.8853,19.03,40.61,32.06,27.65,34.08
2005-03-31,34.6,44.1,29.9,449.4,28.82,51.48,74.77,39.08,72.07,24.58,102.06,32.45,42.98,#N/A,32.4,#N/A,23.9,13.04,55.08,69.02,36.92,24.3443,26.51,45.15,13,40.68,45.41,18.16,146.38,#N/A,#N/A,44.3,26.49,#N/A,20.72,11.1575,85.2825,47.09,12.24,23.35,25.52,45.008,16.2667,19.15,38.3,31.23,27.15,33.14
2005-04-29,35.49,45.04,29.97,469.6,27.9,53.23,70.89,39.21,72.83,17.99,103.45,33.16,43.5,#N/A,33.49,#N/A,23.49,12.92,57.26,70.03,32.12,24.3392,24.63,43.32,13.1841,41.85,45.45,17.7,128.52,#N/A,#N/A,41.35,25.55,#N/A,21.43,10.225,85.8029,45.91,10.59,22.22,25.3,45.592,14.2773,18.95,36.37,30.92,25.29,30.62
2005-05-31,35.75,46.32,30.205,471.1,29.33,54.65,75.4,39.94,73.61,19.85,102.14,32.76,42.67,#N/A,33.68,#N/A,23.32,13.23,55.88,70.84,33.64,24.6221,24.52,44.61,13.481,45.22,46.9,18.22,130.53,#N/A,#N/A,44.18,27.12,#N/A,22.27,10.385,88.9864,50.07,11.71,23.31,25.8,47.072,15.5667,18.58,38.19,33.42,25.88,33.45
2005-06-30,35.32,45.61,30.79,462.3,29.2,54.46,80.01,39.97,72.24,21.38,105.16,33.15,41.17,#N/A,33.88,#N/A,24.14,15.06,57.8,73.53,33.59,25.4605,24.4,47.65,14.4,46.12,46.69,18.12,144.55,25.4,#N/A,47.5,28.58,#N/A,24,11.28,87.762,52.35,12.11,23.54,26.81,49.288,17.42,19.65,39.83,33.58,25.88,35.61
2005-07-29,35.14,43.6,30.67,435,30.06,54.82,82.5,41.82,72.72,22.94,108.51,34.24,43.1,#N/A,33.64,#N/A,24.94,15.84,61.1,71.48,34.5,27.1777,30.03,50.1,14.9143,48.68,48.2,18.36,168,30.9,#N/A,51.24,30.8,#N/A,25.56,11.96,90.517,53.63,11.8,24.93,26.93,53.568,19.04,19.75,41.6,34.06,27.47,37.81
2005-08-31,33.89,43.03,29.81,437.7,29.22,56.23,82.24,40.57,70.28,22.51,106.62,33.12,41.41,#N/A,32.72,#N/A,23.99,16.1,60.49,69.86,33.94,27.011,29.99,48.87,14.0429,46.99,45.92,17.58,165,29.5,#N/A,47.2,29.22,#N/A,25.24,11.55,88.0681,51.54,12,24.35,26.51,50.5,19.8533,18.11,38.82,32.54,28.31,35.4
2005-09-30,33.93,42.1,29.285,455.2,28.08,58.02,79.52,39.05,69.45,24.66,105.71,32.25,36.75,#N/A,31.12,#N/A,22.47,16.45,58.9,71.22,34.04,26.0009,26.99,49.34,13.8,48.17,44.96,16.4,170.65,28.1,#N/A,47.83,30.25,#N/A,25.18,11.61,84.854,50.26,11.67,24.32,27.88,53.15,20.58,17.28,38.98,30.48,26.75,34.95
2005-10-31,36.62,43.74,30.1,457.8,29.58,60.71,76.35,42.34,72.48,24.37,107.58,32.24,40.12,#N/A,32.55,#N/A,23.26,14.91,57.78,73.47,38.29,26.8343,29,52.82,15.3333,44.02,46.17,16.17,167,27.85,#N/A,50.32,30.49,#N/A,22.63,12,84.0887,53.68,10.9,26.6,26.35,53.45,19.6533,17.92,37.27,31.21,27.1,36.5
2005-11-30,38.25,45.89,31.425,485.5,30.28,63.77,83.06,42.55,72.74,23.57,108.22,33.16,40.27,#N/A,33.69,#N/A,23.96,13.98,57.67,75.63,37.96,27.4441,28.79,53.86,14.819,47.57,47.86,16.65,187.47,29.36,#N/A,51.794,30.6,#N/A,24.9,12.3967,86.1702,56.18,11.59,26.42,26.44,54.91,21.9467,18.33,37.56,32.78,27.46,37.79
2005-12-30,39.69,46.15,31.415,485.3,29.89,61.83,86.4,41.91,72.76,24.66,109.05,32.93,37.72,#N/A,34.16,#N/A,23.75,14.51,56.76,75.56,36.49,27.6403,28.07,53.68,14.7905,45.43,46.9,16.52,174.42,29.87,#N/A,54.37,28.74,#N/A,24.98,11.6867,82.6806,54.9,11.01,28.53,25.9,51.01,20.0333,17.36,35.4,32.55,27.14,35.24
2006-01-31,39.75,44.23,31.18,465.8,29.91,64.86,83.3,39.04,71.45,31.5,108.3,35.39,37.57,#N/A,33.18,#N/A,23.2,14.47,55.47,79.07,36.91,26.8077,30.45,53.74,14.6143,45.6,47.1,17.06,192.06,31.6,#N/A,60.1,29.13,#N/A,25.55,12.21,84.7009,53.7,11.13,28.18,26.23,55.3,21.1867,16.84,35.07,33.84,24.99,37.27
2006-02-28,41.14,45.85,32.1,463.7,30.91,70.35,87.6,39.53,72.37,31.72,112.4,37.27,38.65,#N/A,34.78,#N/A,24.05,14.08,57.32,82.52,37.69,27.3381,32.4,55.12,14.7333,45.87,47.15,16.87,187.16,35.18,#N/A,59.72,28.86,#N/A,26.46,12.1933,86.7824,52.68,11.92,26.93,26.73,57.76,21.0267,16.49,36.76,34.47,25.36,37.47
2006-03-31,41.64,45.54,31.935,472.3,30.5,67.31,80.52,39.2,72.76,33.65,114.14,36.8,39.36,#N/A,35.17,#N/A,24.13,12.95,57.97,82.73,38.55,27.4017,32.59,53.75,15.5952,47.55,48.46,17.52,193,37.15,#N/A,57.66,30.21,#N/A,27.44,12.7667,82.9255,58.17,12.97,28.5,27.13,56.57,20.7,17.1,35.4,33.98,25.75,38.27
2006-04-28,45.38,49.92,34.345,499.5,31.44,71.47,86.64,42.94,77.33,36.34,119.4,38.22,40.42,#N/A,36.51,#N/A,24.15,13.32,56.87,83.03,39.67,27.7093,35.37,57.88,15.5952,48.68,46.95,17.21,191.27,36.36,#N/A,58,32.6,#N/A,28.66,12.39,85.7111,51.75,13.07,26.4,26.87,58.57,20.24,16.78,35.38,33.82,26.86,36.48
2006-05-31,42.64,48.4,33.185,493,30.87,68.91,82.77,41.57,75.71,41.57,115.1,35.72,38,#N/A,33.85,#N/A,23.52,12.84,54.75,81.03,39.95,27.4229,35.73,56.7,15.6762,49.09,48.49,16.66,188.81,35.67,#N/A,58.06,32.29,#N/A,28.14,11.65,80.5378,51.33,12.92,26.34,26.87,60.89,19.5067,16.13,36.06,33.06,26.7,35.27
2006-06-30,42,48.1,33.54,482.5,30.88,70.17,85.45,41.59,76.26,41.28,117.92,35.68,36.95,#N/A,33.12,#N/A,23.58,12.94,51.99,77.94,37.91,26.5426,32.38,57.3,15.6429,49.67,47.44,16.51,200.5,34.78,#N/A,59.08,32.89,#N/A,30.43,12.18,81.9765,50.85,13.22,25.65,27.91,57.54,19.5133,15.77,35.36,31.53,26.45,36.63
2006-07-31,45.62,51.53,36.17,483.1,32,70.84,77.35,41.99,78.87,44,121.92,36.9,38.14,#N/A,36.29,#N/A,24.35,14.01,58.55,82.14,40.35,26.9828,32.13,58.72,17.0905,51.43,47.16,16.33,207.16,37.86,#N/A,54.88,35.1,#N/A,33.64,12.79,86.5069,47.86,13.49,26.09,28.66,57.47,20.4267,16.54,35.56,31.36,26.91,35.63
2006-08-31,45.66,51.47,34.75,493.5,32.07,70.79,73.1,42.8,76.4,41.17,122.46,36.79,39.34,#N/A,35.99,#N/A,23.92,14.64,57.25,78.99,40.5,26.5797,32.85,58.96,17.2143,52,47.24,16.41,195.8,36.91,#N/A,53.61,35.28,#N/A,35.35,12.95,89.0171,50.31,13.95,27.37,27.42,58.3,21.6533,16.37,36.9,31.54,26.07,37.27
2006-09-29,46.96,53.57,36.18,496.7,33.22,72.44,78.66,43.78,77.28,37.88,119.96,37.44,38.08,#N/A,36.79,#N/A,23.93,14.44,56.92,79.81,39.61,26.8184,30.93,57.82,18.8619,52.6,47.11,16.38,191.1,32.9,#N/A,55.95,34.04,#N/A,35.8,12.7167,89.9048,50.15,13.68,28.6,27.06,61,22.78,16.66,36.87,32.5,26.29,37.22
2006-10-31,47.44,53.87,36.29,501.6,33.84,70.03,79.33,43.52,78.99,38.5,121.81,37.14,39.85,#N/A,37.95,#N/A,24.41,14.89,58.19,80.4,36.51,26.2562,30.33,54.16,19.381,51.4,48.32,16.35,187.8,33.98,#N/A,53.47,34.69,#N/A,33.24,13.3567,89.9354,48.26,14.14,28.24,28.02,58.84,23.28,16.93,36.06,32.84,26.03,38.19
2006-11-30,46.28,53.85,35.24,495.9,33.64,70.69,77.88,43.01,81.65,35.1,118.64,36.1,39.43,#N/A,36.65,#N/A,24.31,16.21,58.25,78.24,35.61,27.0567,32.16,54.5,21.2333,53.89,47.77,16.16,199.55,34.79,#N/A,54.01,33.9,#N/A,32.76,13.9067,91.8945,47.62,15.2,30.02,27.06,57.03,23.7067,17.92,35.92,33.24,26.12,38.58
2006-12-29,48.3,53.39,35.56,557,36.19,74.04,76.82,43.93,84.45,31.96,122.16,38.03,40.93,#N/A,37.4,#N/A,23.75,16.7,58.68,82.44,35.42,26.9565,30.98,55.82,21.2476,54.98,48.72,16.1,202.64,34.77,#N/A,52.27,34.51,#N/A,33.18,13.9533,94.374,48.02,14.98,29.43,27.15,59.05,24.44,18.27,37.61,34.88,27.42,38.65
2007-01-31,50.93,52.58,35.92,551.3,35.6,73.77,80.4,42.26,83.1,32,121.31,38.17,39.9,#N/A,36.26,#N/A,23.28,16.69,59.3,84.82,38.4,27.3519,33.11,53.53,21.4238,53.17,49.82,16.89,204.99,33.6,#N/A,53.3,35,#N/A,31.82,13.74,97.7412,45.79,14.57,28.45,26.79,57.65,23.47,17.59,36.92,34.12,25.38,36.52
2007-02-28,49.39,50.83,34.7,503.7,35.66,73.29,77.03,42.45,84.31,34.35,119.92,37.72,40.28,#N/A,35.82,#N/A,23.15,17.45,60.39,85.38,37.27,27.5356,30.72,54.08,21.1381,50.13,49.39,16.74,209.52,33.46,#N/A,54.28,34.77,#N/A,30.99,13.9767,99.0881,45.84,13.55,27.01,26.17,54.03,24.45,17.16,36.79,34.58,26.46,35.57
2007-03-30,48.38,51.02,34.43,513.4,34.97,71.97,75.46,41.02,83.04,36.7,115.83,37.47,38.69,#N/A,35.37,#N/A,21.85,17.8,59.12,84.52,36.77,26.9008,32.54,52.33,21.1429,49.53,48.01,17.59,201,31.04,#N/A,56.54,34.74,#N/A,30.51,13.94,98.9963,44.61,14.15,26.77,25.99,55.66,24.04,16.85,36.01,33.6,26.36,35.03
2007-04-30,52.1,50.9,35.89,536.2,34.35,74.1,74.26,41.62,84.42,38.7,111.34,35.68,40.59,#N/A,35.09,#N/A,22.18,18.52,61.91,81.8,39.86,26.3607,31.46,51.17,19.91,51.33,44.45,17.46,202.9,32.24,#N/A,54.86,34.69,11.72,29.27,12.9,96.6086,42.98,13.61,24.94,26.32,52.49,21.48,16.78,33.59,32.38,27.08,33.5
2007-05-31,51.83,50.71,36.09,544.9,34.58,73.8,79.78,42.11,89.29,35.04,110.43,35.61,42.36,#N/A,35.67,#N/A,22.46,18.25,62.83,80.46,40.54,26.2827,33.25,53.17,20.19,54.28,44.99,17.48,193.74,31.19,#N/A,56.48,34.64,12.13,29.55,13.5133,101.2003,45.89,13.71,24.96,24.5,51.13,21.4,16.71,35.36,33.01,28.23,33.75
2007-06-29,48.45,48.89,35.17,512.9,32.95,71.58,78.44,40.68,85.74,33.09,106.9,34.33,39.77,#N/A,33.1,#N/A,22.74,17.2,59.47,76.91,38.88,25.2247,34.1,53.47,17.73,53.42,42.67,17.02,194.4,29.85,#N/A,57.21,32.76,11.54,29.36,12.9367,93.9761,43.85,13.51,23.51,23.69,49.45,20.35,16.74,34.74,32.7,27.8,31.8
2007-07-31,44.01,47.42,33.77,465.7,29.95,66.65,70.76,37.42,78.3,33.6,106.29,34.69,36.89,#N/A,30.07,#N/A,19.2,16.16,52.66,74.55,36.66,24.7514,30.89,49.67,16.12,50.02,43.46,16.23,179.68,26.31,#N/A,50.22,28.32,11.36,24.11,12.08,85.5886,39.41,13.64,19.02,22.81,42.14,19.05,15.01,31.88,28.74,24.59,27.85
2007-08-31,44.52,50.68,36.54,468.8,32.35,70.37,64.66,39.73,78.75,33.7,105.88,33.3,35.69,#N/A,31.3,#N/A,17.21,16.32,55.78,70.6,35.8,26.0043,34.56,51.58,17.68,50.93,42.46,17.69,177.25,26.86,#N/A,54.26,33.77,11.6,28.6,14.1,84.5478,43.14,13.81,21.7,20.97,50.17,21.96,16.98,35.21,28.21,25.27,31.3
2007-09-28,45.82,50.27,35.62,466.7,32.53,68.1,66.43,40.39,75.67,33.08,103.45,32.33,33.88,#N/A,29.48,#N/A,16.98,16.82,51.28,68.67,35.96,25.5533,35.23,50.12,17.28,51.41,42.12,19.05,174.4,23.57,#N/A,54.71,33.16,12.94,28.82,13.3933,85.8641,42.69,13.11,20.01,21.71,52.65,22.52,16.54,34.55,29.63,26.18,30.44
2007-10-31,47,48.28,34.01,419,33.16,72.16,65.59,36.97,72.6,35.78,99.48,28.45,31.28,#N/A,27.12,#N/A,17.91,16.97,46.68,59.11,33.74,26.266,34.15,53.18,17.78,54.54,36.24,18.61,162.83,22.74,#N/A,48.7,32.32,12.75,29.19,13.01,80.6908,36.74,12.71,16.93,23.2,49.57,20.34,16.62,33.34,28.86,22.77,30.3
2007-11-30,45.62,46.13,32.43,333,33.09,73.21,53.31,36.08,70.11,36.35,90.96,26.34,29.91,#N/A,26.43,#N/A,15.69,17.43,45.78,54.57,26.95,26.5035,37.05,52.61,16.97,54.74,33.69,18.61,156.69,22.06,#N/A,44.99,32.14,12.35,29.13,13,76.191,35.32,12.2,16.14,23.15,48.4,19.91,15.51,31.7,27.21,19.41,31.08
2007-12-31,43.65,41.26,30.19,294.4,31.74,65.65,47.26,30.67,62.49,46.43,81.57,23.45,25.13,#N/A,23.65,#N/A,14.76,17.38,43.53,46.69,24.23,26.2287,33.75,50.66,17.8,51.7,31.97,17.58,145.85,18.77,#N/A,41.24,29.39,11.94,25.42,12.55,73.7115,33.13,12.92,15.34,22.77,46.75,18.74,14.7,30.83,27.09,17.93,28.02
2008-01-31,47.4,44.15,34.08,281.7,33.95,65.6,54.62,36.22,68.85,43.98,91.28,26.14,27.1,#N/A,25.17,#N/A,13.45,15.67,43.56,54.74,24.06,25.9656,33.51,54.45,16.89,54.48,33.87,18.55,136.34,16.05,#N/A,35.53,28.75,11.94,22.35,12.42,92.26,38.04,13.8,16.4,22.47,51.41,18.61,15.57,31.1,28.18,21.25,32.16
2008-02-29,40.65,39.74,29.23,237.1,32.02,61.43,46.03,31.13,58.13,45.1,82.08,22.05,22.9,#N/A,21.2,#N/A,12.22,14.39,36.24,47.75,18.81,24.3519,26.5,51.12,16.86,51.72,27.97,16.33,142.19,11.98,#N/A,28.5,26.4,12.4,22.94,12.6233,80.71,33.75,13.11,14.17,22.46,44.47,17.19,13.71,28.77,24.92,18.61,26.27
2008-03-31,42.95,37.91,29.1,214.2,32.36,65.57,49.22,32.06,55.14,41.16,80.48,21.95,20.92,#N/A,19.75,#N/A,10.75,13.54,35.08,45.55,17.75,24.5741,25.5,53.04,17.31,52.23,27.87,18.22,139.35,12.86,#N/A,26.85,28.66,12.03,25.6,13.66,77.42,34.95,13.5,15.51,23.87,44.25,19.17,15.61,30.78,26.63,17.92,26.65
2008-04-30,47.65,37.54,29.75,252.7,33.89,69.35,53,34.29,55.75,44.06,93.23,24.13,21.43,#N/A,21.92,#N/A,9.39,14.58,34.73,46.35,14.24,25.4335,26.38,55.82,16.97,57.1,26.05,18.67,140.77,12.77,#N/A,21.49,30.97,12.23,27.1,14.9967,82.88,31.72,13.36,14.75,24.65,48.2,20.58,15.46,28.7,28.27,17.4,29.09
2008-05-30,43,34.01,27.57,218.9,33.19,64.25,48.12,31.47,52.21,39.7,86.66,19.47,18.7,#N/A,17.82,#N/A,8.91,15.59,37.18,43.09,13.24,25.6791,28.54,55.9,16.53,58.23,25.97,20.52,159.44,10.59,#N/A,21.08,31.94,12.43,26.89,15.2667,80.43,31.18,13.01,13.94,26.38,52.74,20.74,14.99,28.47,27.31,16.52,28.39
2008-06-30,34.31,23.87,23.75,167.6,27.89,57.1,38.01,22.77,36.22,33.75,70.54,10.98,10.18,#N/A,10.91,#N/A,5.77,14.9,25.63,31.49,7.06,23.1884,25.76,49.85,15.6,53.45,18.6,17.84,139.49,7.76,#N/A,14.88,26.73,11.59,20.09,15.27,61.11,23.85,11.06,12.13,24.73,44.47,15.99,11.78,22.47,19.29,12.03,22.95
2008-07-31,40.63,32.9,30.27,186.9,30.61,71.29,41.86,28.02,41.06,28.63,70.38,10.55,13.97,#N/A,9.48,#N/A,7.02,13.5,28.72,29.27,11.91,25.5096,29.43,52.74,16.98,40.09,19.86,16.62,141.5,10.04,#N/A,18.62,32.1,11.39,25.21,15.2967,66.57,20.65,12.28,13.58,24.74,51.48,21.67,11.33,24.73,16.69,12.75,25.19
2008-08-29,38.49,31.14,30.27,189.9,31.86,71.95,44.14,30,41.89,25.46,71.34,12.01,15.78,#N/A,9.27,#N/A,7.32,13.57,28.09,26.84,12.47,26.3106,29.57,55.68,17.92,43.56,21.32,16.49,148.42,13,#N/A,22.68,31.95,12.22,25.32,16.3567,64.4,23.25,13.84,13.96,26.45,54.23,21.32,11.73,27.83,17.5,15.75,25.75
2008-09-30,46.7,35,37.53,205.1,36.02,74.7,51,37.8,44.99,21.91,89.25,11.94,11.9,#N/A,9.6,#N/A,7.99,12.47,32.79,38.7,13.7,27.1291,34.88,60,19.25,48.41,25.25,16.79,179,15.46,#N/A,28.59,33.99,12.52,30.8,17.2933,72.45,29.35,13.22,14.71,29.11,52.85,24.77,15.98,33.07,19.95,18,35
2008-10-31,41.25,24.17,34.05,136.5,29.81,66.67,39.12,35.85,40.14,20.73,81.1,12.41,10.85,#N/A,11.09,#N/A,9.45,10.25,27.59,38.11,17.35,27.6436,32.58,55.97,17.5,47.84,18.54,15.66,152.92,14.81,#N/A,24.99,33.21,13.07,29.26,18.0633,72.31,25.6,12.04,17.02,26.62,50.94,20.17,13.1,29.71,22.06,17.74,31.9
2008-11-28,31.66,16.25,28.89,82.9,26.98,52.77,34.41,29.97,31.73,27.38,64.25,9.38,9.56,#N/A,10.19,#N/A,8,10.16,22.55,31.89,14.8,26.8955,29.8,54.21,19.07,46.39,15,13.05,140.55,11.02,#N/A,26.6,33.01,12.83,27.5,17.4167,58.24,20.63,12.15,13.24,27.27,52.65,17.78,12.36,26.09,21.73,16.7,33.25
2008-12-31,31.53,14.08,29.48,67.1,25.01,49,31.89,27.46,29.54,28.83,57.41,8.52,8.26,#N/A,7.96,#N/A,7.66,10.11,19.85,24.51,15.97,26.9815,28.69,50.68,17.83,40.4,13.78,11.96,152.8,10.09,#N/A,26.9,29.59,12.9,29.81,18.4033,58.1,20.57,12.4,14.47,22.14,48,19.02,13.2,27.95,20.93,13.66,33.22
2009-01-30,25.51,6.58,18.9,35.5,14.84,32.52,15.84,19.79,12.26,27.38,38.91,7.28,2.39,#N/A,3.46,#N/A,2.88,11.75,16.66,14.92,9.49,21.4563,25.69,43.77,16.36,37.3,4.18,13.25,139.86,7.61,#N/A,16.91,27.05,12.86,23.63,14.7967,27.72,13.37,9.5,9.8,21.68,42.39,15.35,7.91,16.34,15.65,12.39,20.99
2009-02-27,22.85,3.95,12.1,15,14.31,27.34,12.05,16.13,12.03,26.66,36.6,7.01,2.11,#N/A,3.42,#N/A,1.46,11.06,15.01,9.37,7.11,21.3212,25.01,43.04,17.41,30.1,3.88,9.85,107.01,5.07,#N/A,13.68,25.52,11.68,19.84,14.34,24.36,12.46,8.54,8.5,13.87,43.2,15.39,6.28,12.98,14.46,12.26,15.4
2009-03-31,26.58,6.82,14.24,25.3,14.61,29.29,12.24,16.92,11.74,27.78,45.24,7.87,2.92,#N/A,4.26,#N/A,1.66,11.84,18.31,9.83,4.57,22.2851,28.23,46.94,17.97,34.5,4.25,11.17,131.8,4.56,#N/A,14.33,27.35,12.13,23.71,16.0567,22.75,12.3,8.55,9.06,13.74,45.94,15.71,7.67,13.6,15.45,11.76,17.24
2009-04-30,33,8.93,20.01,30.5,18.22,39.7,16.74,23.34,14.44,24.62,52.45,6.15,4.1,#N/A,4.49,#N/A,2.79,12.02,20.98,10.93,6.83,20.3205,27.19,47.09,15.62,37.66,5.23,11.31,119.67,6.51,#N/A,14.57,27.77,11.73,17.84,16.4267,22.61,17,8.47,9.59,15.54,45.68,15.32,7.52,13.63,15.47,13.91,25.94
2009-05-29,36.9,11.27,25.5,37.2,19.2,45.55,24.44,22.42,13.17,27.52,50.3,5,6.9,#N/A,4.19,#N/A,3.92,11.34,21.68,13.68,8.07,19.2585,27.02,48.95,15.8,40.56,7.46,11.06,132.49,6.92,#N/A,14.13,28.06,11.41,14.5,16.2767,22.89,18,8.26,8.5,17.25,43.52,16.57,6.68,10.21,14.43,14.36,21.04
2009-06-30,34.11,13.2,24.26,29.7,17.92,38.81,21.88,21.98,16.45,26.77,50.93,5.24,7.1,#N/A,4.04,#N/A,4.18,12.08,21.15,11.56,6.49,19.5409,27.27,46.12,15.07,37.67,8.05,10.69,133.65,6.84,#N/A,13.16,29.83,10.62,13.32,16.7867,20.93,16.08,8.12,7.76,19.06,39.41,14.77,6.19,10.19,12.5,13.37,19.54
2009-07-31,38.65,14.79,24.46,31.7,20.41,36.66,30.7,22.88,19.5,30.12,58.32,5.78,9.5,#N/A,4.42,#N/A,4.09,12.94,23.84,13.58,8.84,22.5061,29.48,48.03,16.25,41.89,11.31,10.94,142.03,6.93,#N/A,16.08,33.47,11.1,15.6,17.5567,24.57,26.15,9.7,9.7,17.87,46.84,15.57,7.76,13.76,10.84,14.14,20.26
2009-08-31,43.46,17.59,27.52,50,22.62,42.59,37.29,27.94,23.37,28.83,61.76,6.66,10.94,#N/A,5.86,#N/A,4.56,13.41,26.67,17.68,9.21,22.549,30.36,49.28,16.07,45.24,13.07,10.64,138.42,7.33,#N/A,19.71,34.48,11.4,15.07,16.6133,25.9,27.67,9.21,10.31,17.4,48.46,14.91,7.08,13.85,10.38,13.76,19.63
2009-09-30,43.82,16.92,28.18,48.4,21.86,48.59,35.73,27.24,22.55,29.22,62.32,6.5,10.13,#N/A,6.21,#N/A,4.71,13.4,29.67,17.97,8.3,22.8621,29,51.64,15.56,46.32,12.47,11.42,159.1,6.31,#N/A,19.05,34.79,11.9,12.71,16.4867,26.25,27.96,9.55,10.6,18.12,45.56,14.94,7.11,20.97,11.42,13.04,19.59
2009-10-30,41.77,14.58,27.52,40.9,23.22,48.94,36.6,23.91,19.11,30.12,62.85,5.39,8.94,#N/A,4.84,#N/A,3.81,13.3,27.75,14.16,9.03,23.5497,31.56,46.79,16.03,42.97,11.31,10.79,149,4.35,#N/A,16.98,35.79,11.66,12.7,16.15,15.54,28.21,8.53,9.91,17.85,43.31,13.09,7.08,17.88,12.81,11.83,17.85
2009-11-30,42.49,15.85,28.04,41.1,24.13,57.01,38.36,24.9,23.63,30.81,65.58,5.86,10.08,#N/A,5.86,#N/A,3.82,14.24,28.47,13.15,14.59,25.9133,30.98,48.02,16.29,46.48,12.73,11.69,157.45,3.97,#N/A,18.4,39.83,11.18,11.81,17.26,13.65,25.97,8.35,11.76,19.86,56.73,13.08,6.51,18.65,11.34,13.14,17.1
2009-12-31,41.67,15.06,26.99,33.1,22.51,52.79,38.34,25.37,20.29,31.31,66.89,5.55,9.75,#N/A,5.29,#N/A,3.65,15.66,29.57,12.83,15.8,24.9593,31.9,50,16.7,47.52,11.87,14.51,164.01,3.78,27.61,20.15,40.47,12.14,14.22,18.0767,14.35,30.79,8.44,13.41,20.9,53.81,13.72,6.79,19.71,11.01,13.62,19.97
2010-01-29,38.94,15.18,28.43,33.2,25.08,55.43,36.86,27.87,24.33,29.97,73.75,7.18,12.44,#N/A,6.35,#N/A,4.79,15.17,34.51,18.97,16.43,25.5136,34.58,51.32,16.17,47.41,15.47,15.03,167.71,5.13,31.82,20.75,40.32,12.86,15.12,17.6833,19.32,34.74,8.15,12.36,19.78,53.44,14.34,7.09,20.28,12.72,14.64,24.9
2010-02-26,41.97,16.66,27.34,34,24.61,53.76,37.75,28.53,23.81,29.36,77.43,7.15,12.21,#N/A,6.75,#N/A,4.81,15.27,36.08,18.54,17.52,26.1131,37.23,54.15,15.75,45.98,16,15.49,182.99,5.76,36.43,20.3,41.83,12.85,15.11,17.45,19.95,34.04,8.72,12.47,20.37,57.11,14.5,7.6,20.35,12.91,14.44,24.62
2010-03-31,44.75,17.85,31.12,40.5,25.88,59.7,41.41,32.39,26.79,28.9,79.38,7.75,13.56,#N/A,7.85,#N/A,5.39,15.46,38.04,21.84,17.42,26.5192,37.05,55.8,15.62,52.44,17.49,16.54,198.76,5.69,38.96,22.82,40.99,13.35,15.11,17.1867,23.03,37.21,9.48,13.26,22.45,60.01,15.23,8.11,22.53,13.76,15.94,26.22
2010-04-30,42.58,17.83,33.11,43.7,26.77,67.21,43.41,33.24,29.6,27.94,87.35,9.02,14.915,#N/A,8.8375,#N/A,6.76,16.26,42,28.73,19.61,26.6965,40.38,59.36,15.52,54.43,20.72,16.47,206,8.7,40.6,24.01,39.22,14.14,15.28,17.8267,21.07,37.3,10.27,14.94,23.35,61.64,18.49,9.32,24.5,14.51,18.63,29.04
2010-05-31,39.58,15.74,28.69,39.6,23.96,62.75,41.3,30.24,26.95,25.27,79.24,8.02,13,#N/A,7.63,#N/A,6.16,14.68,38.1,23.95,17,23.9601,37.84,54.88,13.97,50.55,19.15,16.05,200,8.05,36.79,20.84,36.04,13.24,13.67,16.7267,20.72,35.66,9.09,12.56,21.96,54.93,15.86,8.19,21.85,13.43,16.14,26.92
2010-06-30,36.61,14.37,25.6,37.6,22.35,56.5,40.3,26.31,23.3,25.82,84.95,7.69,12.29,#N/A,6.58,#N/A,5.54,14.65,36.83,21.57,15.25,23.1995,38.01,51.4,13.5,47.47,17.94,15.27,192.33,7.17,33.86,18.31,34.75,12.41,12.85,16.03,17.78,33.34,8.85,11.48,22.78,51.48,14.67,8.03,18.39,12.26,16.61,23.94
2010-07-30,40.28,14.04,27.73,41,23.9,59.39,42.33,24.83,25.95,27.36,87.34,8.46,12.71,#N/A,7.33,#N/A,6.06,15.92,38.36,22.19,15.59,25.2364,38.44,55.21,13.84,48.71,18.64,17.26,189.01,7.27,36.36,20.93,33.88,12.46,10.09,16.34,18.34,31.12,9.28,12.53,23.55,51.96,15.98,8.57,17.34,13.59,15.84,25.53
2010-08-31,36.36,12.46,23.55,37.09,20.8,50.99,37.87,22.12,22.51,30.81,85.64,7.37,11.04,#N/A,6.43,#N/A,5.2975,17.5,34.41,18.42,14.6275,23.0319,36.54,51.25,12.7,44.44,16.09,15.89,167.97,6.12,36.68,17.06,28.49,9.18,8.56,14.89,14.42,28.76,8.07,10.37,24.02,48.75,13.84,7.77,14.99,12.05,14.28,23.01
2010-09-30,38.06,13.1025,25.115,39.1,21.62,51.91,39.55,24.08,25.83,31.92,81.81,7.96,12.03,#N/A,7.27,#N/A,5.69,18.02,37.15,21.36,16.28,24.2308,38.84,53.87,13.09,45.13,17.56,16.25,185.27,6.7,40.82,19.06,32.47,9.19,9.19,15.6633,17.22,32.41,8.39,11.34,22.54,49.98,14.5875,8.56,16.22,13.19,16.19,24.89
2010-10-29,37.63,11.449,26.06,41.7,24.2,53.9,37.27,23.41,25.01,33.32,74.75,8.2,12.56,#N/A,6.3,#N/A,5.66,18.38,35.78,20.7525,17.63,23.7474,42.24,52.44,12.2975,46.23,17.12,16.93,186.44,6.04,43.33,17.43,31.09,8.73,11.41,15.7533,15.12,29.94,8.87,11,22.54,52.05,13,8.5,14.89,12.65,13.16,26.72
2010-11-30,37.4,10.95,27.21,42,23.78,53.85,37.23,23.2,23.36,28.99,76.96,7.53,11.95,#N/A,5.38,#N/A,5.835,17.97,36.49,19.45,17.34,24.2051,43.9,53.54,12.39,46.7,16.5,16.8,173.89,6.17,39.46,17,32.54,8.18,9.83,16.1233,14.21,28.65,9.37,10.59,21.89,50.41,13.33,8.77,14.23,12.795,13.61,26.21
2010-12-31,42.42,13.34,30.99,47.3,26.97,60.72,42.56,26.29,29.51,30.08,87.05,8.85,14.68,#N/A,7,29.12,6.87,18.6,42.24,24.23,19.55,26.8908,50.06,61.12,14.01,53.4,19.7,18.85,189.05,7.36,47.1,21.38,39.28,9.02,13.58,17.0833,18.48,33.03,10.49,12.18,22.79,59.13,15.11,9.82,17.32,15.15,14.81,29.2
2011-01-31,44.94,13.73,32.42,48.2,27,60,48.16,27.64,30.43,32.67,86.47,8.9,14.87,#N/A,7.1,29.73,7.24,19.5,38.2,23.58,21.71,27.8384,52.24,57.78,12.91,51.68,22.88,18.32,201.17,7.5,47.69,19.73,40.45,9.75,13.76,16.44,18.48,32.91,9.33,10.97,24.9,56.72,14.11,10.1,19.66,13.98,14.94,28.2
2011-02-28,46.69,14.29,32.26,46.8,27.73,61.7,49.77,27.6,30.17,37.18,88.05,9.14,14.6,#N/A,7.64,29.25,6.84,19.26,38.9,23.36,23.22,27.1819,51.89,58.56,13.18,51.35,23.18,18.66,202,8.11,43.32,20.71,40.82,10.38,15.95,16.7333,17.85,33.58,9.48,11.44,24.15,57.29,15.63,10.03,20.57,14.47,16.23,28.64
2011-03-31,46.1,13.33,31.71,44.2,26.43,62.99,51.96,27.45,28.84,36.01,88.47,8.88,13.885,#N/A,7.26,30.91,6.64,19.64,36.72,23.06,21.96,27.3714,56.4,59.02,12.58,51.68,21.43,17.26,200.58,8.22,42.55,21.75,42.77,10.62,16.54,17.1233,16.8,36.75,10.32,11.44,24.8,60.13,15.05,10.54,20.96,14.85,15.86,26.52
2011-04-29,45.63,12.28,29.11,45.9,25.82,62.34,54.73,26.92,28.19,37.02,88.37,8.67,13.27,#N/A,7.34,31.35,6.79,19.8,37.93,24.44,21.13,28.8063,58.21,59.24,13.695,53.78,21.52,16.6,200.01,8.27,42.46,22.98,45.85,10.88,16.07,18.4733,17.5,33.69,9.38,11.62,25.49,60.01,15.03,10.95,20.69,14.6,15.59,26.16
2011-05-31,43.24,11.75,28.37,41.15,25.6,62.42,54.34,27.54,28.13,32.41,88.3,8.47,13.06,#N/A,7.06,32.25,6.6,19.94,36.11,23.83,20.09,28.9552,56.92,58.24,13.35,53.01,20.86,16.2,195.59,7.37,44.33,21.1,43.75,10.25,15.51,17.62,16.66,32.47,9.21,11.98,24.83,58.75,14.22,10.55,19.87,14.09,15.05,24.25
2011-06-30,40.94,10.96,28.06,41.64,25.51,59.61,51.67,26.84,25.8,30.15,87.95,8.33,12.75,#N/A,6.2,32.28,6.56,19.69,34.57,24.01,20.21,29.1041,57.2,56.85,13.44,54.77,21.02,14.99,187.22,7.1,44.26,20.57,43.82,9.68,15.56,17.225,14.56,32.18,8.36,11.57,24.06,57.64,13.48,10.35,19.24,13.9,13.8,24.48
2011-07-29,40.45,9.71,27.94,38.34,26.06,54.29,47.8,25.68,24.49,30.38,86.24,8.04,12.65,#N/A,6.09,28.32,6.045,19.14,32.03,21.9,18.56,27.6895,59.16,53.88,12.68,54.46,20.42,13.53,180.12,7.03,39.74,19.85,41.53,9.44,15.25,16.115,12.81,34.18,7.54,11.36,23.4,50.97,13.14,10,20.19,13.65,12.72,23.86
2011-08-31,37.56,8.17,26.1,31.05,23.21,50.14,46.05,22.29,19.9,28.48,76.07,6.64,10.62,#N/A,4.54,25.5,5.02,19.7,25.59,17.44,16.69,26.7825,55.62,50.99,11.75,49.2,18.1,12.81,159,6.09,34.57,16.05,37.85,8.86,12.68,14.805,10.15,31.58,6.44,9.77,24.02,48.14,11.51,8.97,16.3,11,10.44,22.47
2011-09-30,30.12,6.12,24.12,25.615,23.54,48.19,39.63,21.33,17.95,24.81,69.9,5.93,10.1,#N/A,3.33,23.16,4.8,19.79,22.97,14.08,14.91,23.5202,47.72,45.86,11.4,46.89,15.3,11.9,143.54,5.48,30.37,13.94,32.68,8.13,10.94,13.08,7.49,25.81,5.82,8.79,24.28,47.06,9.37,8.57,14.72,9.3,9.16,20.09
2011-10-31,34.76,6.83,25.91,31.59,25.59,53.71,45.66,23.34,19.73,28.94,76.11,7.06,12.01,#N/A,3.93,27.7,5.18,20.82,25.55,17.36,19.47,26.2614,55.713,49.04,12.75,52.22,19.64,13.31,163.05,6.5,34.85,17.64,38.49,9.21,15.01,15.88,10.5,28.88,6.95,11.45,25.33,51.72,11.35,10.09,16.57,11.15,10.64,23.74
2011-11-30,30.97,5.44,25.86,27.48,25.92,54.21,44.66,23.17,18.13,30.12,72.98,7.29,12.09,#N/A,4.11,28.38,5.25,20.92,25.22,16.09,19.57,26.4587,58.43,50.57,12.45,54.85,19.7,12.04,171.66,6.29,33.86,18.68,39.99,9.26,14.99,16.5,10.43,27.79,6.97,12.5,25.91,49.82,12.01,10.66,16.98,10.4,10.06,26.72
2011-12-30,33.25,5.56,27.56,26.31,27.05,57.67,42.29,25.17,17.7,28.6,76.34,7.69,12.72,#N/A,4.3,30.61,5.49,22.08,25.8,16.28,19.75,27.0912,59.99,52.91,12.85,54.93,20.39,12.37,174.99,6.23,34.87,18.95,40.35,8.96,16.15,16.715,9.87,28.05,6.64,12.39,26.48,49.3,12.03,11.31,17.1,11.17,10.32,28.27
2012-01-31,37.3,7.13,29.21,30.72,28.22,58.92,45.75,27.19,20.57,28.63,79.74,7.77,13.005,#N/A,5.22,29.98,5.72,21.83,27.67,16.83,21.96,27.5886,58.15,55.67,12.33,55.7,21.2,12.69,176.81,7.99,38.14,21.27,41.51,9.01,16.84,17.04,12.18,30.65,8.26,12.17,25.95,52.28,13.97,11.72,18.15,12.46,10.04,27.88
2012-02-29,39.24,7.97,31.29,33.32,29.4,59.52,50.6,29.25,22.96,31.2,81.62,8.1,13.61,#N/A,5.76,29.99,5.845,21.41,29.69,19,22.12,27.4394,59.36,56.48,12.59,53.68,21.88,13.01,176.15,8.14,40.71,21.77,43.74,9.35,16.56,17.13,14.84,33.71,8.53,12.32,25.05,53.04,13.8,11.79,19.9,13.24,10.78,29.28
2012-03-30,45.98,9.57,34.14,36.55,31.68,64.49,55.74,31.39,24.17,31.66,86.88,8.5,14.045,#N/A,6.59,32.94,6.445,22,32.36,21.46,23.09,28.7968,63.04,58.19,13.23,56.28,22.67,13.91,182.69,8.47,41.24,24.3,45.8,9.5,18.35,17.605,14.35,35.79,8.46,13.56,25.35,53.47,14.94,12.08,20.99,13.96,11.89,28.86
2012-04-30,42.98,8.11,33.415,33.045,32.17,66.32,55.48,32.04,24.28,30.83,86.27,8.04,14.225,#N/A,6.74,33.03,6.69,22.99,32.02,20.39,22.77,28.4912,65.69,58.96,12.325,57.03,22.73,13.49,173.3,8.78,37.85,23.82,46.65,9.83,18.3,16.92,14.7,36.13,8.44,13.24,26.54,51.07,14.9,11.35,20.67,13.33,11.47,26.43
2012-05-31,33.15,7.35,32.05,26.51,31.11,61.42,51.37,30.22,22.92,31.88,81.32,7.5,13.35,#N/A,6.29,31.4,6.54,23.3,30.42,19.03,22.39,27.5318,61.41,56.89,11.63,55.75,20.27,12.35,168.5,8.72,34.19,22.81,42.72,9.37,17.06,16.03,13.37,34.01,7.72,12.83,27.61,48.49,14.35,10.62,20.31,12.66,11.79,25.62
2012-06-29,35.73,8.18,33.44,27.41,32.16,61.11,54.66,30.85,24.23,29.52,82.57,7.74,13.4,#N/A,6.75,33.6,6.4,23.5,30.71,19.42,23.46,26.9348,60.97,57.49,11.61,58.2,21.66,12.53,166.65,9.36,35.64,23.67,42.03,9.55,19.51,17.28,13.86,35.5,7.59,13.16,28.52,50.45,15.46,10.87,21.54,13.19,11.48,25.88
2012-07-31,36,7.34,33.81,27.13,33.5,59.1,56.49,31.37,23.65,26.09,85.84,7.98,13.82,#N/A,6.96,32.53,6.215,24.66,30.21,18.2,21.8,27.9866,64.5,55.31,11.46,56.49,20.52,12.98,164.29,9.22,36.52,22.91,40.57,9.41,19.55,17.2475,13.3,36.71,8.26,12.48,28.49,46.82,15.17,10.88,20.19,12.49,10.33,23.3
2012-08-31,37.14,7.99,34.03,29.71,33.41,62.16,56.53,31.54,25.17,26.75,86.9,8.43,15.14,#N/A,6.96,32.69,6.59,23.07,30.71,19.25,21.94,28.5907,64.63,55.6,11.97,57.57,21.28,13.26,165.14,9.31,37.76,23.28,42.1,8.84,19.14,17.39,14.56,37.41,8.58,12.64,26.53,46.91,15.41,10.95,20.42,12.96,11.12,24.33
2012-09-28,40.48,8.83,34.53,32.72,34.3,63.1,57.01,33.16,28.27,27.18,95.16,8.74,15.505,#N/A,7.195,34.46,6.895,23.55,31.05,20.66,21.12,28.6618,67.08,57.43,12.14,59.1,23.7,14.16,162.9,10.2,39.39,23.37,42.62,9.07,19.32,18.015,16.59,37.57,9.41,12.9001,26.31,45.8,15.59,11.21,19.75,13.16,11.94,24.91
2012-10-31,41.68,9.32,33.69,37.39,33.21,58.2,60.17,28.95,27.2,26.84,104.1,8.42,14.525,#N/A,6.52,34.35,6.395,24.32,29.81,21.48,21.29,27.0627,71.24,55.3,12.03,58.65,22,13.86,168.75,10.26,37.22,22.5196,41.86,8.95,19.55,18.115,17.15,36.95,9.13,12.0998,25.88,49.79,14.5192,10.73,20.26,12.89,11.44,23.8
2012-11-30,41.08,9.86,33.01,34.57,32.26,56.14,57.6,28.17,27.15,26.7,97.73,8.08,14.64,#N/A,6.67,33.82,6.165,24.43,29.59,20.07,21.15,26.6996,70.16,54.61,12.19,55.04,20.82,13.01,165,10.16,37.05,24.91,41.13,8.22,19.03,19.455,16.59,36.79,9.06,11.66,24.91,48.75,14.53,10.8,19.44,12.85,11.88,24.7
2012-12-31,43.9691,11.61,34.18,39.56,31.94,58.31,57.93,29.11,28.35,27.39,98.47,8.42,15.2,#N/A,7.13,32.78,6.39,24.38,30.34,21.4,21.49,26.1623,71.34,54.27,12.09,54.46,20.55,13.1,163.5,10.53,38.64,24.77,42,9.62,18.84,19.505,17.15,36.7,9.31,11.79,25.14,49.12,14.71,10.62,19.75,13.12,12.15,24.34
2013-01-31,47.05,11.32,34.83,42.16,33.1,61.8,56.32,30.28,28.37,28.53,102.69,9.4,16.29,#N/A,7.78,35.69,6.96,25.7,34.36,23.32,23.45,28.0204,73.93,58.89,12.32,56.05,22.25,13.35,174.36,12.3,42.35,27.492,45.11,10.23,21.47,20.53,18.06,37.07,8.93,12.64,26.97,51.49,15.58,11.59,22.37,14.27,13.66,25.49
2013-02-28,48.92,11.23,35.08,41.97,33.98,62.39,51.03,30.36,27.59,31.86,102.09,9.39,15.84,#N/A,7.65,36.45,7.03,26.61,34.38,24.15,24.6,28.4233,74.27,60.56,13.1,59.43,22.02,13.5,179.55,13.3,41.86,27.33,46.14,10.51,21.71,22.3,17.78,36.5,8.98,12.55,26.99,50.2,17.44,11.36,23.71,14.39,13.74,26
2013-03-29,47.46,12.18,36.99,44.24,33.93,66.5,54.95,31.39,28.81,33.73,103.16,9.96,16.31,#N/A,8.19,38.62,7.37,27.94,35.95,24.99,25.67,30.468,78.76,62.53,13.42,62.3,24.26,14.35,182.7,13.84,43.48,29.11,47.39,10.84,23.36,24.3,19.39,37.04,9.07,13.26,27.71,50.02,18.98,12.1,24.17,15.19,14.96,26.61
2013-04-30,49.01,12.31,37.98,46.66,33.28,67.88,57.78,30.77,29.25,33.94,100.2,9.97,17.03,#N/A,8.49,37.98,7.17,29.94,36.25,24.62,24.33,29.9307,71.61,60.41,13.16,62.49,23.37,13.55,186.42,14.71,42.51,27.73,45.94,10.87,24.27,24.705,18.83,35.86,9.04,12,28.3,45.62,18.45,11.39,24.76,14.27,14.55,25.31
2013-05-31,54.59,13.66,40.55,51.99,35.06,71.64,60.93,32.92,32.09,32.23,104.9,10.78,18.2,#N/A,9.13,37.16,7.75,26.95,39.49,28.07,26.35,32.4753,77.18,64.35,13.775,65.1,23.35,13.08,197.27,14.7,46.08,28.83,50.09,10.98,25.1,27.5,19.18,37.74,9.2,13.52,26.17,51.54,19.44,11.5,25.51,15.41,14.4,26.01
2013-06-28,52.79,12.86,41.27,47.97,36.15,72.92,62.81,33.88,31.57,33.91,111.75,11.04,18.05,#N/A,9.53,38.48,7.87,27.17,39.83,28.92,27.5,32.4977,83.02,66.77,14.9,64.05,25.68,14,192.05,15.83,46.63,30.65,51.79,11.2,25.71,27.83,20.44,38.28,9.34,15.01,25.31,53.61,22.19,12.08,26.8,15.55,14.18,26.45
2013-07-31,55.73,14.6,43.5,52.14,37.32,76.05,69.02,35.69,34.79,36.47,116.86,12.28,19.24,#N/A,10.01,43.19,8.55,27.99,42.54,29.64,30.83,34.0498,91.55,72.04,15,66.69,27.24,15.17,209.5,17.73,50.11,35.42,59.02,11.67,28.48,30.825,23.31,40.91,10.85,16.84,26.66,58.792,24.34,12.64,28.78,16.94,15.24,28.32
2013-08-30,50.53,14.12,41.08,48.33,36.13,72.27,64.55,33.96,32.02,35.21,113.34,11.67,18.29,#N/A,9.4,44.28,8.24,26.53,40.84,27.97,29.23,32.229,87.72,70.84,14.22,64.09,26.46,14.65,202.24,16.37,47.87,33.25,59.8,10.88,27.95,28.75,22.33,39.64,10.18,16.24,25.01,52.34,23.625,12.07,26.99,15.95,14.05,27.77
2013-09-30,51.69,13.8,41.32,48.51,36.58,72.45,68.74,33.75,32.42,36.84,111.92,11.4,18.05,#N/A,9.26,46.63,8.26,26.32,39.31,27.42,31.95,32.6917,91.52,70.55,14.38,63.35,25.53,15.11,205.6,18.93,48.77,34.29,61.84,11.97,29.81,29.425,23.1,41.07,10.89,16.22,25.1,51.91,24.68,12.13,28.21,15.49,14.28,28.98
2013-10-31,51.54,13.97,42.69,48.78,37.36,73.53,68.67,33.97,33.64,40.9,112.53,12.535,19.035,#N/A,9.63,51.07,8.8,27.46,43.3,28.395,33.69,34.3334,101.82,70.79,14.435,61.23,27.89,16.21,211.73,21.15,48.16,38.05,62.45,12.165,31,30.755,22.75,43.51,11.72,16.37,26.57,58.43,27.61,12.51,29.7,16.26,15.18,29.58
2013-11-29,57.22,15.82,44.02,52.92,39.22,76.95,71.63,34.74,36.23,40.25,115.36,12.75,20.32,#N/A,9.73,51.1,9.17,26.54,45.35,29.33,34.28,35.3527,106.25,71.82,15.14,63.3,29.48,16.52,224.65,23.22,50.48,41.14,64.13,11.72,32.55,33.19,24.43,45.36,13.14,18.41,25.31,62.7,29.96,12.71,32.61,17.23,15.67,32.45
2013-12-31,58.48,15.57,45.4,52.11,40.4,77.58,76.61,37.32,36.81,43.4,116.42,13.42,21.03,#N/A,9.89,52.35,9.65,26.77,47.54,29.96,34.97,35.1882,107.42,74.43,15.12,66.32,31.18,16.85,222.63,23.86,52.13,42.22,63.39,12.115,32.53,33.055,25.2,46.12,13.37,19.14,26.06,62.85,29.79,12.62,32.06,17.4,16.25,31.45
2014-01-31,55.36,16.75,45.34,47.43,39.73,79.88,70.61,37.41,37.02,39.48,111.51,12.76,21.02,#N/A,10.17,48.53,9.07,27.79,45.8,28.75,33.46,34.0599,122.06,74.02,14.21,64.26,30.34,16.19,221.24,22.42,46.55,40.11,62.56,11.48,32.64,30.585,23.45,43.83,12.6,17.56,26.02,65.84,26.43,11.84,28.1,16.47,16.1,29.89
2014-02-28,56.82,16.53,46.42,48.63,41.14,81.78,73.43,37.8,37.68,40.6,116.59,13.17,21.695,#N/A,10.64,51.97,9.53,28.43,48.18,31.2,35.69,34.9923,130.93,74.64,14.17,64.73,30.97,15.98,224.39,23.16,48.68,43.4,63.31,11.82,36.08,30.24,24.36,46.28,12.84,17.77,25.41,65.5,27.75,12.19,30.53,16.69,16.12,29.43
2014-03-31,60.71,17.2,49.74,47.6,42.86,87,77.16,40.17,39.79,43.39,121.3,14.24,22.955,#N/A,11.11,53.99,9.97,29.28,51.8,30.98,36.5,36.3713,125.59,77.53,14.87,69.05,31.06,16.07,240.75,24.6,49.02,43.01,66.15,12.43,37.49,30.895,23.73,48.66,12.66,18.64,25.42,70.15,29.07,13.4,30.96,18.06,16.66,30.62
2014-04-30,55.98,15.14,49.64,47.91,40.78,84.04,73.9,37.33,38.26,43.73,122.01,13.64,20.61,#N/A,10.14,50.76,9.16,30.31,48.24,28.92,34.51,34.0677,118.82,76.41,14.28,65.42,30.14,15.41,224.89,23.07,43.05,39.37,59,13.39,34.57,29.525,22.47,44.82,11.96,16.63,23.99,62.9,25.66,12.44,26.84,17.55,15.7,29.25
2014-05-30,55.57,15.14,50.78,47.57,42.19,85.27,78.89,37.92,38.32,44.94,121.37,13.69,20.69,#N/A,10.19,50.86,9.27,29.75,47.97,28.59,33.48,34.0129,115.82,74.86,14.37,62.78,29.92,15.28,219.78,22.88,44.48,40.42,58.13,13.48,34.52,29.74,23.06,43.58,11.33,16.57,24.05,62.46,26.27,12.24,26.84,17.23,15.89,30.3
2014-06-30,57.62,15.37,52.56,47.1,43.32,89.05,82.6,39.43,40.06,44.11,124.05,14.33,21.35,#N/A,10.62,54.99,9.54,31.15,50.16,29.47,34.99,36.434,126.18,79.42,15.17,66.6,31.54,15.98,245,23.8,45.76,43.17,62.6,14.26,39.48,31.37,24.38,46,12,17.92,25.32,69.19,28.38,12.82,27.05,18.08,16.37,32.33
2014-07-31,57.67,15.25,50.9,48.91,42.03,82.56,79.54,37.02,38.05,46.4,121.5,13.54,20.48,#N/A,10.14,46.72,9.82,28.93,50.26,28.82,34.06,35.3057,114.39,77.97,14.52,66.24,28.67,15.88,222.35,22.9,49.11,41.67,58.13,13.48,37,29.38,23.55,46.33,11.9,16.92,23.62,65.61,26.48,12.3,26.94,17.92,15.81,32.08
2014-08-29,59.45,16.09,51.44,51.65,42.28,84.75,82.06,37.33,38.08,49.86,123.63,13.61,20.405,#N/A,10.15,48.9,9.84,30.54,50.34,29.14,34.84,36.1441,118.46,78.6,14.95,67.38,29.5,15.95,229.79,23.61,47.96,41.94,60.4,14.44,35.86,29.39,24.15,46.57,12.67,17.47,25.39,65.25,27.22,12.36,28.29,18.18,15.8,32.95
2014-09-30,60.24,17.05,51.87,51.82,41.83,85.58,81.62,37.21,38.03,51.1,123.29,13.33,20.02,23.42,10.04,49.38,9.73,29.66,49.86,29.06,34,34.9805,112.06,76.51,14.47,66.48,29.14,15.87,216.63,23.9,45.96,41.23,57.17,14.32,36.1,27.79,23.64,44.67,12.79,16.47,26.55,62.51,25.86,11.99,27.68,17.42,15.53,30.93
2014-10-31,60.48,17.16,53.09,53.53,42.6,86.39,82.77,37.88,39.14,47,122.18,13.2,19.99,23.62,9.93,50.93,9.91,32.67,47.74,28.97,36.76,35.4624,121.13,80.81,14.62,68.56,31.34,15.95,251.21,26.62,48.93,42.66,60.39,14.94,39.2,31.78,25.36,46.32,14.06,17.6,28.16,68.86,28.69,12.79,31.55,18.8,15.45,34.28
2014-11-28,60.16,17.04,54.48,53.97,44.2,87.47,83.2,37.59,39.29,52.68,126.02,13.5,20.12,24.63,10.07,51.53,10.11,33.1,46.61,28.06,36.77,35.2281,121.27,74.66,14.78,64.45,31.47,15.89,253.6,26.43,48.8,46.5,56.18,15.17,37.67,30.17,25.84,44.69,13.38,16.99,28.19,65.32,27.38,12.59,31.5,18.48,15.52,34.9
2014-12-31,62.58,17.89,54.82,54.11,44.95,91.23,82.55,38.89,41.9,52,125.62,13.9,20.375,24.86,10.56,52.12,10.52,34.75,46.84,28.51,38.71,35.7793,125.96,70.64,15.18,60.04,32.53,16,252.79,27.8,47.83,45.46,55.36,14.885,39.54,29.88,27.09,46.76,14.38,17.01,33.48,64.85,27.77,13.32,32.86,18.63,15.89,37.45
2015-01-30,54.38,15.15,51.92,46.95,41.91,84.54,73.21,35.29,38.42,46.63,113.16,12.99,17.3,23.9,8.7,50.92,10.02,37.73,41.5,23.96,36.18,32.9081,117.13,62.3,14.07,54.11,30.53,15.45,244.05,25.71,43.82,42.755,45.79,14.02,35.94,24.7,25.77,43.47,13.18,15.51,34.3,54.61,22.27,12,28.41,16.81,14.7,33.81
2015-02-27,61.28,15.81,54.79,52.42,44.61,91.96,78.71,38.05,41,47.88,121,13.93,19.36,24.84,9.61,57,10.94,35.13,45.78,26.735,39.95,34.1586,123.35,67.8,15.13,59,34.53,16.61,252.25,28.39,46.25,45.835,51.73,14.1,42,26.27,27.99,47.09,13.72,16.54,33.05,63.12,24.29,12.83,31.19,18.64,15.69,37.45
2015-03-31,60.58,15.39,54.4,51.52,43.67,93.24,78.82,38.99,41.09,47.4,127,14.16,18.85,24.13,9.45,57.09,11.05,34.91,45.13,27,40.46,34.8168,129.58,69.08,15.2,61.22,37.05,16.73,259.69,29.64,45.12,46.89,52.48,14.68,44.46,27.64,28.01,47.68,13.41,17.18,32.12,63.03,25.15,13.14,31.31,18.6,15.72,37.58
2015-04-30,63.26,15.93,55.1,53.32,42.87,91.73,80.85,38.29,41.5,48.88,119.67,14.45,20,26.05,9.83,58.29,10.86,33.93,47.41,28.335,40.59,35.1376,134.09,72.94,15.11,65.19,35.83,17.19,240.34,30.92,45.03,45.1,53.34,14.62,47.65,28.96,27.66,48.74,12.98,17.01,31.3,62.31,26.34,13.27,30.13,18.81,15.66,37.58
2015-05-29,65.78,16.5,55.96,54.08,43.11,95.69,83.56,39.47,42.68,52.85,120.88,14.58,20.24,26.84,10.09,60.55,11.13,34.14,48.95,28.88,42.9,36.7008,139.65,73.41,15.56,64.68,37.89,17.74,241.1,31.35,46.26,44.89,53.57,14.85,49.51,30.13,29.02,50.1,13.51,17.59,30.54,64.27,28.14,13.49,32.22,18.97,15.74,37.86
2015-06-30,67.76,17.02,56.24,55.24,43.4,95.65,87.97,40.31,43.02,48.22,124.93,15.02,20.82,27.31,10.36,63.03,11.31,31.84,51.32,31.735,44.82,38.4778,146.39,78.58,16.21,69.58,39.55,18.38,263.04,33.76,46.49,46.76,57.74,16.82,54.37,34.64,30.82,53.38,14.7,17.99,29.73,68.23,29.42,14.32,34.44,20.27,16.61,40.23
2015-07-31,68.53,17.88,57.87,58.46,45.21,98.18,81.3,40.27,44.34,47.42,131.15,14.84,21.07,26.07,10.39,63.79,11.67,34.26,47.43,31.19,44.76,38.7411,145.59,72.45,16.27,66.46,38.66,19.03,256.34,33.83,47.04,46.29,54.59,16.86,53.09,33.98,31.52,53.92,14.89,17.74,29.95,64.55,28.1,13.79,34.1,19.71,16.46,40.53
2015-08-31,64.1,16.34,53.33,53.48,42.35,91.12,77.75,36.92,40.37,44.99,118.24,13.74,19.92,24.82,9.59,60.31,10.91,32.78,44,29,40.41,36.8653,133.49,64.66,15.5,63.28,35.38,17.66,237.18,30.52,43.44,42.64,51.67,17.17,47.42,31.14,30.43,51,14.03,16.71,28.27,60.9,26.01,12.56,32.94,18.36,15.52,37.42
2015-09-30,60.97,15.58,51.35,49.61,41.01,89.2,72.52,35.6,38.24,41.45,121.95,13.01,18.91,23.86,9.01,62.77,10.6,35.32,41.1,27.54,38.42,37.4823,137.56,63.58,15.73,64.71,35.63,18.06,226,30.71,40.03,42.81,49.11,17.25,49.41,31.78,29.6,53.43,14.87,16.3,28.69,58.21,26.39,12.95,32.64,17.97,15.16,37.99
2015-10-30,64.25,16.78,54.14,53.17,42.18,90.26,78.9,37.15,41.52,45.66,119.85,12.42,19.05,24.3,9.35,65.31,10.97,36.07,43.4,28.77,40.39,37.4741,148.92,68.44,15.95,67.18,37.1,16.52,256.14,35.75,43,45.04,51.38,17.56,52.62,33.26,31.63,50.49,15.39,16.7,29.26,60.63,27.36,13.47,32.24,19.34,15.39,39.55
2015-11-30,66.68,17.43,55.1,54.09,43.89,95.51,78.51,38.62,43.42,36.49,125.33,13.11,20.67,26.63,10.14,68.86,11.69,35.02,46.35,29.96,43.38,39.6674,158.15,69.79,16.75,68.85,40.21,16.4,264.92,38.79,42.96,47.02,55.41,18.77,54.33,35.91,33.38,52.63,17.54,17.92,28.58,63.37,29.38,14.52,35.74,20.51,15.32,42.12
2015-12-31,66.03,16.83,54.36,51.75,42.67,95.31,72.18,37.81,42.84,36.68,121.18,13.19,20.1,26.19,9.6,66.06,11.06,36.08,41.83,27.3,41.56,36.7477,153.37,60,16.15,59.79,37.19,16.32,258.17,35.86,39.7,43.1,47.86,18.83,51.36,30.17,32.38,48.52,16.22,15.9,28.95,55.07,26.53,13.34,32.37,18.75,14.12,36.99
2016-01-29,59.5,14.14,50.23,42.58,40.06,86.65,65.62,32.66,36.58,35.35,110.18,11.16,15.8,21.25,8.12,68,8.58,38.88,34.3,22.68,32.42,35.5296,139.34,47.86,14.37,50.01,33.17,15.48,246.06,32.58,29.35,36.71,42.4,17.45,49.85,26.12,30.53,42.09,15.71,14.48,29.92,47.85,23.59,12.05,31.12,17.55,12.01,33.58
2016-02-29,56.3,12.52,46.92,38.85,38.52,81.31,65.73,32.16,33.18,34.96,102.55,10.55,15.26,19.23,7.52,61.54,8.75,39.56,33.78,21.32,29.97,36.6958,129.55,47.93,14.61,48.87,33.61,15.13,234.13,29.72,29.81,32.18,40.45,16.9,46.37,26.41,26.59,42.5,14.41,15.04,29.36,47.68,23.82,12.28,30.52,17.2,11.34,35.04
2016-03-31,59.22,13.52,48.36,41.75,40.59,84.57,69.31,33.27,36.08,36.31,111,11.04,16.69,20.95,7.85,66.64,9.54,42.44,37.87,24.21,32.48,38.8295,136.12,55.11,15.93,54.62,35.9,15.9,251.07,33.38,31.03,37.15,46.39,17.37,49.06,29.58,28.91,44.34,15.93,15.86,32.4,51.27,25.42,13.01,32.45,17.94,12.26,36.7
2016-04-29,63.2,14.56,49.98,46.28,42.69,87.78,72.39,35.38,41.74,39.94,118.32,12.29,18.31,22.85,9.38,70.32,10.06,40.68,44.4,27.52,37.49,40.4449,137.83,63.99,15.5,60.18,36.64,15.03,255,36.58,34.57,39.98,52.77,17.9,49.17,32.38,31.16,52.02,16.34,15.83,32.69,58.99,25.89,13.22,34.76,18.24,13.64,38.69
2016-05-31,65.27,14.79,50.72,46.57,42.82,89.74,73.24,36.37,43.82,42.77,119.5,12.82,18.87,23.55,9.83,72.41,10.45,41.82,47.1,28.02,38.6,42.2676,135,66.9,15.88,63.74,39.16,15.74,259.06,37.7,34.26,41.68,53.85,18.45,49.18,33.51,32.17,53.27,16.46,15.99,32.83,62,27.34,13.39,36.15,18.69,14.37,39.81
2016-06-30,62.14,13.27,47.33,42.39,40.33,81.39,63.51,35.61,41.08,42.89,118.23,11.05,17.59,19.98,8.51,69.99,8.94,45.86,41.13,25.13,34.18,41.3778,124.92,63.73,14.66,62.7,33.95,14.99,258.91,32.65,31.91,39.78,50.99,17.22,48.85,32.79,28.99,51,15.7,15.47,32.79,59.73,26.58,12.54,36.28,17.15,12.65,37.51
2016-07-29,63.97,14.49,47.97,43.81,42.17,82.65,67.08,36.87,42.29,45.08,114.56,11.7,18.98,22.33,9.17,71.67,9.5,45.18,45.24,27.88,34.22,40.8509,120.24,67.89,15.16,65.23,35.96,14.45,259.78,34.03,34.56,41.35,51.09,18.2,53.11,34.17,30.44,52.8,16.89,15.23,31.05,62.47,27.58,11.95,38.39,18.6,13.59,38.3
2016-08-31,67.5,16.14,50.8,47.74,44.15,90.1,71.6,38.5,44.07,43.76,118.33,12.56,20.16,24.77,9.97,76.96,10.01,41.97,47.29,30.59,37.14,43.7793,122.01,72.9,16.25,69.07,38.63,15.11,284.91,38.22,36.88,43.31,55.47,18.14,56.69,36.62,33.08,55.58,17.85,16.42,30.01,68.77,29.94,12.49,39.18,19.84,14.65,39.4
2016-09-30,66.59,15.65,44.28,47.23,42.89,90.09,71.83,37.72,43.8,42.17,116.1,12.17,20.46,24.71,9.87,77.11,9.86,42.01,47.32,31.02,36.71,42.5526,118.45,71.94,15.82,68.97,38.01,14.23,293.89,37.54,36.3,42.91,54.89,17.81,54.08,36.44,32.53,55.57,17.5,15.05,29.85,67.12,28.52,12.3,38.04,19.59,14.51,37.67
2016-10-31,69.26,16.5,46.01,49.15,44.76,95.6,74.04,39.2,45.23,43.57,122.73,14.12,21.76,26.34,10.71,74.43,10.6,42.15,52.09,32.21,39.51,43.0364,120.56,75.99,16.24,71.02,40.4,14.36,291,37.36,36.33,43.39,55.47,17.82,51.6,36.2,33.07,53.95,18,15.28,29.5,65.65,28.26,13.07,36.39,20.3,14.3,37.7
2016-11-30,80.17,21.12,52.92,56.39,49.62,110.54,84.04,45.25,51.95,43.23,143.94,17.31,26.02,33.51,13.54,81.9,12.46,40.22,63.75,39.79,47.88,49.7143,149.91,82.31,18.72,80.32,49.61,15.98,356.37,46.72,40.85,51.25,66.13,18.63,64.5,43.05,38.71,65.84,22.75,17.77,30.8,82.85,34.3,15.28,43.27,22.85,17.35,46.15
2016-12-30,86.29,22.1,55.11,59.43,51.37,116.96,87.24,47.02,54.85,45.65,156.43,18.27,26.97,35.63,14.36,92.14,13.22,41.62,68.11,43.04,50.83,52.4354,150.2,88.23,19.36,83.04,54.28,15.91,355,48.71,42.68,54.44,71.78,19.04,69.3,45.2,41.08,72.57,23.4,18.78,33.07,83.75,36.23,16.03,47.23,24.7,19.59,46.25
2017-01-31,84.63,22.64,56.33,55.83,52.65,120.46,87.39,46.19,56.82,44.26,162.57,17.97,26.1,36.17,14.41,94.33,13.53,42.6,67.53,42.19,51.44,51.2744,157.52,89.4,18.75,82.24,52.52,15.19,366.74,49.38,41.19,55.4,72.63,17.49,66.85,42.65,41.68,71.6,23.85,18.31,33.48,82.15,35.53,14.94,44.53,25.3,17.35,44.8
2017-02-28,90.62,24.68,57.88,59.81,55,127.23,93.86,48.22,59.49,46.97,166.97,18.77,27.44,37.37,15.27,93.83,14.14,44.52,71.28,44.9,54.12,53.5329,157.51,92.47,19.2,82.46,54.93,15.28,356.29,51.64,42.9,55.1,74.54,16.99,69.4,44,42.22,73.7,24.75,18.81,33.28,84.75,36.92,15.57,45.02,25.75,17.4,44.75
2017-03-31,87.84,23.59,55.66,59.82,51.5,120.24,86.66,44.7,55.3,46.04,154.73,17.78,25.4,34.55,14.53,93.81,13.39,44.74,68.58,42,51.61,50.9388,148.39,88.97,18.2,78.27,50.04,13.97,335.37,49.09,42.93,53.26,69.71,16.62,66.45,40.1,41.02,69.12,23.7,17.74,33.31,79.1,33.93,14.87,42.82,24.4,17.02,42.25
2017-04-28,87,23.34,53.84,59.12,51.28,119.75,80.38,43.18,56.81,45.75,155.41,18.24,24.43,36.71,13.75,92.46,12.86,45.4,70.7,40.03,54.27,49.8413,138.45,94.39,17.47,84.29,50.81,13.29,348.06,47.9,46.31,49.39,67.2,16.54,64,39.95,41.8,70.86,23.25,17.67,33.52,79.35,33.78,14.24,42.51,24.9,16.51,39.9
2017-05-31,82.15,22.41,51.14,60.54,50.89,118.7,76.92,41.65,53.37,41.58,156.47,17.47,23.74,34.1,13.84,92.1,12.54,47.41,68.56,40.07,54.73,48.5533,143.02,91.66,16.57,80.53,48.72,12.92,331.4,45.72,45.05,46.67,62.64,15.62,60.15,38.25,40.88,68.76,21.45,16.945,33.14,77.2,32.26,13.2,41.18,23.85,15.06,38.25
2017-06-30,91.4,24.26,55.41,66.88,51.92,124.87,82.62,45.41,56.72,41.38,161.95,18.74,25.96,35.68,14.64,100.1,13.52,46.25,73.24,43.91,58.58,51.5465,143.53,93.91,17.66,84.13,52.22,13.13,372.7,49.2,48.7,46.7,64.24,15.47,62.8,44.2,44.24,76.44,23.25,18.36,32.38,81.5,36.61,14.16,44.04,25.2,15.94,39.2
2017-07-31,91.8,24.12,53.94,68.45,52.78,128.8,86.18,47.32,57.29,42.18,163.15,18.04,26.7,35.08,14.6,100.33,13.25,46.24,72.31,45.32,56.98,52.644,138.58,90.78,17.44,85.07,51.93,13.13,368.02,50.38,47.65,48.02,64.1,15.98,63.9,43.25,43.48,75.31,23.1,18.54,32.99,80.85,34.92,13.7,40.9,23.95,15.76,34.5
2017-08-31,90.89,23.89,51.07,68.03,51.25,125.41,79.61,46.09,55.1,41.32,147.86,17.21,26.13,33.13,14.11,97.05,12.59,48.54,68.25,43.66,55.37,49.8776,128.34,84.2,16.7,80.48,46.68,12.05,340.51,48.23,44.85,45.15,59.75,15.38,62.2,40.05,42.12,72.81,22.45,17.5,33.42,76.6,33.21,12.69,39.77,21.9,15.53,33.55
2017-09-29,95.51,25.34,55.15,72.74,53.59,134.77,84.66,46.94,59.77,42.51,161.04,18.82,27.98,37.87,15.23,104.46,13.96,46.32,76.26,47.18,59.78,52.3991,128.04,94.92,18.14,89.08,52.55,12.89,373.89,53.08,49.05,50.51,65.73,16.13,66.95,45.2,46.06,78.31,24.65,19.51,33.37,82.15,37.76,14.03,45.02,24.25,17.04,37.15
2017-10-31,100.61,27.39,56.14,73.5,54.38,136.79,92.18,49.24,60.21,40.87,166.77,18.25,28.9,38.01,15.48,97.4,13.8,48.37,78.57,46.46,59.84,52.7528,130.01,98.5,18.66,86.47,54.99,12.56,405,55.8,46.62,48.32,65.78,15.42,66.2,45.65,46.85,81.29,25.05,20.46,36.46,73.75,37.96,13.49,45.94,25.3,18.22,35.95
2017-11-30,104.52,28.17,56.47,75.5,55.15,140.56,92,49.42,61.63,39.88,168.95,18.98,30.51,40.7,16.59,95.54,14.4,49.9,83.31,49.55,61.54,53.9238,137.28,98.41,19.02,89,57.37,13.34,426.49,58.18,49.84,47.66,70.04,15.23,68.65,47.45,49.63,83.85,25.35,22.11,38.35,77.75,40.05,14.19,46.55,25.5,20.31,37.55
2017-12-29,106.94,29.52,60.67,74.41,53.58,144.29,99.58,49.72,64.59,40.08,170.99,20.17,30.34,41.98,17.28,86.64,14.56,47.3,86.81,50.83,60.83,53.181,137.26,94.65,18.7,92.32,56.16,13.02,403,56.62,49.23,50.4,70.07,14.94,66.3,45.05,47.94,82.37,24.6,20.8,36.15,77.5,39.39,13.82,44.52,25.4,20.5,34.75
2018-01-31,115.67,32,65.78,78.48,57.14,158.02,103.96,55.19,70.7,42.95,190.78,21.4,33.1,45.9,19.23,89.55,16.18,44.75,95.22,54.03,65.91,55.7238,154,106.41,19.67,96.69,56.62,14.16,425.41,58.66,50.69,52.43,75.8,14.62,63.3,46.45,50.39,85.9,24.75,21.65,34.11,84.5,39.22,14.35,42.78,24.75,21.45,36.8
2018-02-28,115.5,32.1,58.41,75.49,54.36,157.66,97.93,54.35,69.84,41.52,189.84,21.13,33.05,43.49,19.41,92.8,15.7,42.45,97.22,54.97,65.55,55.019,146.19,103.99,19.14,94.45,54.58,13.62,407.1,58.46,53.05,52.14,75,14.66,64.55,46,49.3,84.51,23.25,21.31,32.96,80.8,38.9,14.02,41.01,24.7,22.3,35.5
2018-03-30,109.97,29.99,52.41,67.5,50.5,151.24,95.82,52.04,68.04,43.37,184.36,19.55,31.75,41.98,18.58,92.61,15.1,45.29,95.93,52.73,62.54,57.0571,141.95,106.07,18.66,98.99,55.4,13.03,413.24,58.11,51.5,49.53,72.63,14.69,64.2,46.3,49.94,86.05,22.55,21.41,34.38,78,38.38,13.45,40.48,24.85,22.81,35.25
2018-04-30,108.78,29.92,51.96,68.27,50.45,145.61,90.62,52.8,66.8,45.38,182.27,19.92,33.17,41.49,18.7,92.87,14.91,47.19,94.58,54.75,66.62,60.4952,127.15,114.45,18.29,100.68,60.19,11.88,432.29,58.98,52.95,51.24,71.77,14.91,64.05,49.55,52.27,89.45,23.75,23.56,34.69,74.95,37.03,13,42.62,26.45,24.83,33.95
2018-05-31,107.01,29.04,53.99,66.69,49.99,143.41,94,52.5,67.51,43.72,172.08,19.44,30.58,40.85,18.24,99.6,14.87,46.13,94.29,54.81,69.48,61.5048,127.49,114.23,18.41,100.95,64.1,11.59,439.29,60.26,49.93,53.06,72.43,16,67.05,52.6,54.11,92.11,24.55,23.54,34.33,79.9,38.99,13.25,49.39,27.6,26.31,36.45
2018-06-29,104.2,28.19,55.44,66.92,50.02,135.1,91.9,50.44,66.02,45.83,170.15,19.54,28.7,38.9,17.78,96.79,14.76,47.28,90.92,52.69,65.2,61.6286,127.88,108.24,18.09,94.01,63.7,11.04,403.3,56.61,50.41,49.42,68.36,15.77,61.35,50.9,52.83,87.05,23.5,22.59,34.3,75.8,38.68,13.42,46.7,27.3,24.62,36.4
2018-07-31,114.95,30.88,57.29,71.89,53.01,144.83,94.32,50.81,72.07,48.26,173.35,20.87,29.59,39.78,18.61,98.86,15.44,48.34,96.94,51.7,64.74,63.619,109.71,110.49,18.23,97.33,64.53,10.77,406.82,56.72,52.93,50.22,70.15,15.22,62.5,56.6,49.42,87.73,22.2,21.3,35.17,83.1,42.7,12.83,48.45,27,25.11,36.95
2018-08-31,114.58,30.93,58.48,71.24,54.11,143.54,99.09,51.66,73.56,50.4,177.15,21.07,29.43,41.16,19.46,101.59,16.21,49.24,97.48,53.29,63.39,67.6762,115.74,110.89,18.51,102.55,65.38,10.77,475.01,57.65,54.24,50.49,74.84,15.44,64.55,60.4,50.06,88.55,22.85,21.4,35.27,86.65,45.68,13.45,48.46,27.25,25.35,39.4
2018-09-28,112.84,29.46,52.56,71.74,52.81,136.19,94.93,48.54,66.79,50.27,164.54,19.89,27.92,38.57,18.35,96,14.92,49,90.2,50.15,60.37,62.8762,114.84,104.44,17.12,97.28,58.96,10.37,452.28,56.89,51.61,47.65,69.35,15.01,60.15,59.1,45.79,84.94,22,20.8,35.59,81.35,43.09,12.72,46.11,26,23.81,36.35
2018-10-31,109.02,27.5,53.23,65.46,52.27,128.49,89.3,49.16,62.66,47.25,165.41,18.16,26.99,37.35,16.97,90.99,14.33,49.52,81.56,47.05,52.44,60.5714,109.9,97.92,15.66,85.73,58.84,9.58,426.63,48.24,47.38,40.62,65.03,14.71,52.3,58.99,37.56,76.14,17.98,19.2,37.3,74.49,42.4,11.83,44.39,23.18,20.88,33.17
2018-11-30,111.19,28.4,54.28,64.79,54.46,135.78,89.68,51.1,62.69,46.02,169.01,18.34,27.93,36.36,16.45,99.15,14.59,52.09,79.18,48.66,53.69,63.02,123.33,100.32,16.86,84.3,60.17,10.63,429.47,46.87,46.43,40.24,69.39,16.02,57.35,65.52,37.81,77.35,19.3,19.24,38.32,74.75,47.22,12.26,45.88,23.17,22.49,36.17
