DATE,BRK/A US Equity,UNH US Equity,CI US Equity,MMC US Equity,MET US Equity,PRU US Equity,PGR US Equity,AIG US Equity,AFL US Equity,TRV US Equity,ALL US Equity,AMP US Equity,MKL US Equity,HIG US Equity,L US Equity,AJG US Equity,PFG US Equity,LNC US Equity,CINF US Equity,CNA US Equity,KMX US Equity,ALLY US Equity,EQH US Equity,TMK US Equity,WRB US Equity,RGA US Equity,Y US Equity,AFG US Equity,ATH US Equity,BRO US Equity,UNM US Equity,ERIE US Equity,VOYA US Equity,ORI US Equity,UHAL US Equity,AIZ US Equity,FAF US Equity,MDU US Equity,PRI US Equity,KMPR US Equity,THG US Equity,BHF US Equity,LSTR US Equity,FNB US Equity,RDN US Equity,SIGI US Equity,TRN US Equity,ANAT US Equity,RLI US Equity,BXS US Equity,MCY US Equity
1999-12-31,56100,6.641,26.854,47.8438,#N/A,#N/A,6.0938,1207.6996,11.7969,33.688,24.0625,#N/A,155,47.375,10.1146,16.1875,#N/A,40,28.288,38.0537,1.1563,#N/A,#N/A,12.9167,4.1235,27.75,146.265,17.5833,#N/A,2.3945,32.0625,32.375,#N/A,7.2667,25,#N/A,#N/A,8.8889,#N/A,35.2283,55.625,#N/A,5.3516,9.7077,23.875,8.5938,6.823,63.75,8.5,16.3125,22.25
2000-01-31,51200,6.625,23.917,47,#N/A,#N/A,5.1875,1165.8141,10.8594,30.188,23.1875,#N/A,164,38.125,9.3333,13.4375,#N/A,36.9375,26.0771,33.1061,0.7813,#N/A,#N/A,11.1944,3.4321,22.125,147.005,14.25,#N/A,2.1445,26.75,30.5,#N/A,6.4667,26,#N/A,#N/A,8.8056,#N/A,33.7068,46.75,#N/A,5.8906,9.5986,20.1563,7.5313,5.6084,57.75,7.8125,15.375,23.75
2000-02-29,44000,6.391,24.604,38.6875,#N/A,#N/A,4.9583,987.8005,9.1406,22.375,19.6875,#N/A,130.75,31.25,7.4167,12.7813,#N/A,27.625,27.0975,26.3871,0.8125,#N/A,#N/A,8.8056,3.1728,17.0625,146.61,14,#N/A,2.0625,13.375,31,#N/A,6.2333,17.125,#N/A,#N/A,8.4722,#N/A,31.7757,41.75,#N/A,7.0234,9.4895,17.3438,7.7188,5.3085,58.5,7.4531,16.0625,22.6875
2000-03-31,57200,7.453,25.25,55.1563,#N/A,#N/A,6.3385,1223.0576,11.3906,34.125,23.8125,#N/A,145.5,52.75,8.3333,16.25,#N/A,33.5,34.127,31.5791,1.6563,#N/A,#N/A,10.2778,4.5556,23.8125,151.201,19.0833,#N/A,2.418,16.9375,32.4375,#N/A,7.3333,18.375,#N/A,#N/A,9.2222,#N/A,37.2179,51,#N/A,6.8438,8.017,23.8125,8.5313,5.6833,57.5,8.375,16.375,29.5
2000-04-28,59300,8.336,26.583,49.2813,14.7594,#N/A,5.4531,1225.1519,12.2031,35.625,23.75,#N/A,145,52.0625,9.1875,18.625,#N/A,34.8125,36.5646,30.052,1.2813,#N/A,#N/A,11.1389,4.1728,24.875,135.569,16.9583,#N/A,2.5078,17,29.75,#N/A,7.6,16.75,#N/A,#N/A,9.6944,#N/A,31.6001,54.125,#N/A,7.1563,9.0478,25.4688,9.4688,5.3384,51.625,8.0313,15.4375,27.375
2000-05-31,58600,9.32,29.604,55.0313,18.2683,#N/A,7.8229,1257.2641,12.9219,37.5,26.5,#N/A,143.938,59.125,10.9792,19.3438,#N/A,38.75,36.4087,34.8774,1.344,#N/A,#N/A,12.0833,4.358,32.75,133.709,18.625,#N/A,2.9141,22.6875,27.5,#N/A,9.3667,17.188,#N/A,#N/A,10.1389,#N/A,30.0201,57.6875,#N/A,6.6563,8.4178,27.5,9.2188,5.2935,54,9.0938,15.375,25.5
2000-06-30,53800,10.719,31.167,52.2188,18.679,#N/A,6.1667,1312.4134,11.4844,34.125,22.25,#N/A,141.625,55.9375,10,21,#N/A,36.125,28.5147,33.2282,1.6875,#N/A,#N/A,10.9722,3.7037,30.125,135.116,16.5521,#N/A,3.25,20.0625,31.5,#N/A,8.8,20,#N/A,#N/A,9.6181,#N/A,27.5038,52.375,#N/A,7.4453,9.4486,25.8828,9.5,4.4387,51,8.6914,14.0625,23.625
2000-07-31,55100,10.227,33.292,61,18.7138,#N/A,5.6042,1469.1351,12.9844,44.438,27.5625,#N/A,154.625,64.25,10.4583,24.5313,#N/A,43.625,34.2404,37.6872,1.6565,#N/A,#N/A,11.0556,4.7901,31.8125,142.455,16.6667,#N/A,3,23,31.875,#N/A,11.9,19.75,#N/A,#N/A,10.3333,#N/A,26.4505,59.125,#N/A,6.8047,9.3341,30.4375,9.2188,4.6187,61.8125,8.75,15.1875,26.125
2000-08-31,57700,11.815,32.423,59.3203,21.6657,#N/A,6.3177,1493.5471,13.5049,47.516,29.0821,#N/A,145.875,66.6446,13.4896,24.5,#N/A,54.0196,35.2608,38.7866,2.344,#N/A,#N/A,12.4809,5.2346,28.5,140.294,16.5417,#N/A,3.3359,21.7071,30.9375,#N/A,12.7667,19.625,#N/A,#N/A,11.1111,#N/A,28.4986,60.875,#N/A,6.375,10.0785,31.0625,8.9688,4.6486,61.5,9.625,14.625,27.4375
2000-09-29,64400,12.344,34.8,66.375,23.3923,#N/A,6.8229,1603.1689,16.1563,50.375,34.75,#N/A,151.75,72.875,13.8958,29.5625,#N/A,48.125,32.1995,37.3818,2.2815,#N/A,#N/A,12.3611,6.8272,34.25,157.636,15.4583,#N/A,3.9766,27.25,29.375,#N/A,12.8333,19.563,#N/A,#N/A,13.2222,#N/A,29.669,63.9375,#N/A,5.5781,9.7922,33.75,8.9375,5.6084,63.875,9.6406,14.375,28.3125
2000-10-31,63700,13.672,40.65,65.375,24.6176,#N/A,8.1875,1641.913,18.2656,51.25,40.25,#N/A,144.875,74.4375,15.1563,31.5625,#N/A,48.375,33.3333,35.6715,1.844,#N/A,#N/A,14.8056,6.7284,37.375,154.569,14.2917,#N/A,4.0625,28.25,27.9375,#N/A,13.8667,20.25,#N/A,#N/A,13,#N/A,29.0838,63.0625,#N/A,5.9063,9.8495,35.4375,8.625,5.7733,67.75,9.7813,13.0625,36.625
2000-11-30,65900,14.664,43.917,57.5625,26.3999,#N/A,7.7969,1624.1116,17.5938,50.125,38.25,#N/A,148.875,70.75,15.75,29.5,#N/A,45.1875,33.1633,36.3434,2,#N/A,#N/A,16.8889,7.0864,35.875,152.911,12.7083,#N/A,3.9531,27,25,#N/A,13.9,18.625,#N/A,#N/A,13.5,#N/A,33.6483,62.0625,#N/A,6.7734,9.2195,32.5,10.0625,5.9533,69.75,10.0313,12.1875,38.5625
2000-12-29,71000,15.344,44.1,58.5,31.1897,#N/A,8.6354,1651.3372,18.0469,54.313,43.5625,#N/A,181,70.625,17.2604,31.8125,#N/A,47.3125,35.8844,37.8704,1.969,#N/A,#N/A,17.0833,9.321,35.5,165.276,17.7083,#N/A,4.375,26.875,29.8125,#N/A,17.0667,19.625,#N/A,#N/A,14.4444,#N/A,38.0372,72.5,#N/A,6.9297,9.6204,37.5313,12.125,5.9982,73,11.1719,12.1875,43.875
2001-01-31,68400,14.103,37.05,54.075,29.2471,#N/A,7.8292,1424.4433,14.745,48.02,38.88,#N/A,164.75,61.5,16.2,25.87,#N/A,44.85,32.2562,34.3033,2.425,#N/A,#N/A,15.4178,6.9136,34.25,164.97,17.8667,#N/A,4.3063,29.22,26.9375,#N/A,14.656,21,#N/A,#N/A,12.8889,#N/A,35.2283,57.95,#N/A,8.375,9.9067,31.07,11.0313,5.6504,74.3125,11.3125,13.6,36.85
2001-02-28,70300,14.808,36.557,53.5,27.4915,#N/A,8.25,1370.4947,15.04,46.29,39.86,#N/A,179.75,63.85,18.1117,25.53,#N/A,43.87,33.39,36.9518,2.575,#N/A,#N/A,15.4578,8.4321,38.65,162.944,16,#N/A,4.875,26.17,27.75,#N/A,15.0667,21,#N/A,#N/A,12.5778,#N/A,36.0476,53.15,#N/A,8.3203,10.6512,30.925,10.875,5.2761,73.0156,10.5,13.65,34.2
2001-03-30,65450,14.815,35.787,47.515,26.7786,#N/A,8.0875,1348.7142,13.77,44.05,41.94,#N/A,187,59,19.8033,27.7,#N/A,42.47,34.4104,34.2153,3.77,#N/A,#N/A,17.2578,8.9012,38.54,164.07,16.0667,#N/A,4.2563,29.22,28.62,#N/A,15.1467,21.25,#N/A,#N/A,15.8756,#N/A,34.0579,51.89,#N/A,8.4688,10.9947,33.875,11.6172,4.6786,68.8125,10.21,14.75,32.5
2001-04-30,68000,16.37,35.567,48.22,25.8429,#N/A,9.7333,1370.4947,15.9,45.1,41.75,#N/A,196.25,62.1,22.47,25.22,#N/A,46.16,34.8118,34.5085,5.05,#N/A,#N/A,16.84,8.004,33.7,164.48,17.7267,#N/A,5.3,29.91,29.78,#N/A,15.408,18.41,#N/A,#N/A,17.7778,#N/A,34.7835,50.5,#N/A,8.1625,11.8652,38.75,12.325,4.6786,73.78,10,14.79,34.75
2001-05-31,68700,14.375,31.49,52.45,28.3826,#N/A,10.92,1357.0913,16.215,50.6,45.02,#N/A,195.75,67.7,22.9967,27.5,#N/A,49.24,38.1134,38.9259,7.43,#N/A,#N/A,16.8533,8.5926,35.9,171.289,18.7267,#N/A,5.1125,32.41,36.12,#N/A,15.056,18.05,#N/A,#N/A,16.2222,#N/A,36.4689,54.65,#N/A,8.3,11.6647,42.45,12.5,5.3624,73.39,10.32,14.56,36.6
2001-06-29,69400,15.438,31.94,50.5,27.6074,#N/A,11.2658,1424.2757,15.745,50.7,43.99,#N/A,196.5,68.4,21.4767,26,#N/A,51.75,35.8277,38.5545,7.98,#N/A,#N/A,17.8711,8.1817,37.9,166.531,20,#N/A,5.2488,32.12,29.75,#N/A,15.4667,22.3,#N/A,#N/A,14.0622,#N/A,35.9539,57.5,#N/A,8.5025,12.8432,40.45,13.34,4.9186,74.75,11.23,17,34.97
2001-07-31,69200,16.855,33.437,50.2,26.4222,#N/A,11.2342,1394.7883,14.79,43.85,34.96,#N/A,202.41,66.21,18.92,27.5,#N/A,51.03,35.737,37.8704,7.88,#N/A,#N/A,18.4489,8.2765,39.08,177.113,19.6533,#N/A,6.0438,28.53,36,#N/A,14.1333,19.4,#N/A,#N/A,13.4978,#N/A,35.1113,53.65,#N/A,9.5,12.6893,40.02,13.25,5.5232,80.28,10.5375,16.1,39.3
2001-08-31,69400,17.015,30,46.45,27.1796,#N/A,10.7725,1310.1795,13.76,42.03,33.93,#N/A,184.92,64.8,16.2733,26.51,#N/A,49.86,36.2812,27.77,7.44,#N/A,#N/A,18.7733,7.5259,36.9,177.441,15.6133,#N/A,5.5288,28.02,36.14,#N/A,14.32,20.05,#N/A,#N/A,12.6578,#N/A,34.4558,53.27,#N/A,9.2838,12.444,40.11,12.56,5.9791,78.91,11.17,16.21,39.3
2001-09-28,70000,16.625,27.65,48.35,26.4667,#N/A,11.1583,1306.8287,13.5,41.22,37.35,#N/A,195,58.74,15.4267,33.85,#N/A,46.63,37.7506,27.04,5.625,#N/A,#N/A,17.3333,9.4815,34.11,163.249,14.8,#N/A,6.5125,25.25,39.55,#N/A,13.9787,18.18,#N/A,#N/A,10.3867,#N/A,35.7854,44.85,#N/A,8,12.5787,38.5,11.665,5.1945,81,10.25,15.4,39.7
2001-10-31,71200,16.438,24.3,48.375,23.9715,#N/A,11.5592,1316.8812,12.23,45.9,31.38,#N/A,195.95,54,16.9333,36.54,22.5,42.35,33.7415,25.18,9.15,#N/A,#N/A,16.4578,10.5106,31.57,157.097,14.7533,#N/A,7.175,22.43,38.8,#N/A,13.5307,18.24,#N/A,#N/A,10.8044,#N/A,36.1412,39,#N/A,8.9588,11.7176,33.87,10.74,5.9695,81.99,10.0625,15.3,43.45
2001-11-30,70000,17.863,30.41,53.485,24.4438,#N/A,12.2108,1380.5472,13.7,47.08,34.24,#N/A,183.27,59.2,18.9433,36.5,22.95,47.7,35.0023,28,9.975,#N/A,#N/A,17.5333,10.5679,34.5,156.49,16.3867,#N/A,7.28,25.8,37.2,#N/A,14.32,18.13,#N/A,#N/A,10.9156,#N/A,38.9,42.89,#N/A,8.675,12.266,38.3,11.61,6.3965,79.02,9.7475,15.44,43.75
2001-12-31,75600,17.693,30.883,53.725,28.2312,33.19,12.4417,1330.2846,12.28,43.97,33.7,#N/A,179.65,62.83,18.46,34.49,24,48.57,34.6032,29.17,11.37,#N/A,#N/A,17.48,10.6074,33.28,157.876,16.3667,#N/A,6.825,26.51,38.49,#N/A,14.9387,18.82,#N/A,#N/A,12.5111,#N/A,39.52,44.55,#N/A,9.0638,12.6749,42.95,10.865,6.5189,84.1,11.25,16.6,43.66
2002-01-31,73900,18.588,30.667,50.925,27.0727,31.05,12.3208,1242.325,13.06,44.7,32.26,#N/A,192.9,66.19,20.15,33,25.45,51.5,34.9206,28.62,10.535,#N/A,#N/A,16.8844,9.9556,28.62,150.206,15.7267,#N/A,8.6875,28.3,40.16,#N/A,15.7333,17.67,#N/A,#N/A,12.4356,#N/A,40.2,42.12,#N/A,10.8513,13.3243,44.9,10.455,5.6767,83.3,11.45,18.26,42.08
2002-02-28,73000,18.123,29.9,52.775,28.4094,30.57,12.9833,1239.3092,12.85,48.9,35.02,#N/A,199,67,19.4433,34.86,24.36,51.21,36.4717,29.01,13.37,#N/A,#N/A,17.8622,10.7654,29.7,159.353,17.5467,#N/A,8.7425,28.32,39.28,#N/A,17.0453,17.25,#N/A,#N/A,12.9556,#N/A,39.48,43.48,#N/A,10.285,13.9592,46.67,11.185,5.2617,89.21,12.375,18.5,43.2
2002-03-29,71100,19.105,33.797,56.37,28.0708,31.05,13.885,1208.649,14.75,45.85,37.77,#N/A,203.51,68.12,19.5267,32.77,25.3,50.73,39.6009,29.7,12.93,#N/A,#N/A,17.9067,11.3541,31.31,156.892,19.1467,#N/A,7.85,27.93,40.68,#N/A,17.0507,17.41,#N/A,#N/A,13.7778,#N/A,40.2,44.9,#N/A,11.6,14.0939,49.08,13.35,5.8327,94.5,12.925,19.72,46.5
2002-04-30,73450,21.953,36.333,50.54,30.4233,32.1,14.375,1158.0513,14.95,49.81,39.74,#N/A,218,69.3,19.9833,36.1,27.8,47.9,42.5034,30.06,14.75,#N/A,#N/A,18.1733,11.9506,32.3,158.147,19.7933,#N/A,8.3,28.24,43.58,#N/A,17.7227,17.519,#N/A,#N/A,12.9467,#N/A,41.67,49.91,#N/A,12.2375,14.5509,51.9,15,5.6384,99.4,14.4,21.9,50
2002-05-31,74600,22.7,35.35,50.45,29.6124,34.49,14.8025,1122.0297,16.08,42.61,38.48,#N/A,209.16,66,19.0333,35.25,30.4,44.82,41.161,26.6,13.235,#N/A,#N/A,17.9378,11.6484,31.39,155.511,17.8267,#N/A,8.9125,25.3,42.19,#N/A,17.7067,16.04,#N/A,#N/A,13.32,#N/A,39.26,48.55,#N/A,13.2638,15.6572,54.3,13.54,4.4987,100.81,13.4375,21.8,48.25
2002-06-28,66800,22.888,32.473,48.3,25.6647,33.36,14.4625,1143.14,16,38.92,36.98,#N/A,197,59.47,17.6633,34.65,31,42,42.2041,26.5,10.825,#N/A,#N/A,16.9778,10.8642,30.82,159.82,15.9333,#N/A,7.875,25.45,40.51,#N/A,16.8,14.79,#N/A,#N/A,11.6844,#N/A,35.77,46.2,#N/A,13.3563,13.8692,48.85,14.165,4.9713,96.3,12.75,20.2,48.5
2002-07-31,68300,21.915,30,47.9,25.1211,32.99,12.7875,1070.9294,15.705,31.21,38.01,#N/A,202.5,50.6,15.8133,29.41,28.71,36.69,36.3628,25.32,8.85,#N/A,#N/A,16.1067,10.4622,29.7,158.984,14.7667,#N/A,7.1925,20.46,44.5,#N/A,16.7893,10.4,#N/A,#N/A,10.0267,#N/A,34.47,27.3,#N/A,12.4763,14.945,45.8,12.76,4.3499,85.5,13.1375,19.9,47.5
2002-08-30,73000,22.088,28.373,48.65,23.9894,30.2,13.4375,1052.1646,15.305,30.42,37.22,#N/A,208.65,50.02,17.5033,28.96,29.33,37.05,36.0363,27.41,8.075,#N/A,#N/A,16.6,9.9733,28.55,152.917,16.68,#N/A,7.3125,23.16,43.7,#N/A,17.12,9.75,#N/A,#N/A,10.7244,#N/A,31.7,22.25,#N/A,12.6625,15.4552,43.46,11.8,4.3523,76.25,14.0375,20.55,45
2002-09-30,73900,21.805,23.583,41.64,20.2822,28.56,12.6575,916.4555,15.345,28.72,35.55,#N/A,199.18,41,14.2967,24.65,26.18,30.55,32.2721,25,8.025,#N/A,#N/A,15.2267,10.0741,25.84,158.565,15.3467,#N/A,7.5,20.35,41.66,#N/A,15.136,10.06,#N/A,#N/A,10.1467,#N/A,30.7,12,#N/A,12.2563,14.1521,32.66,10.865,3.9492,69.01,13.4125,19.7,42.8
2002-10-31,74190,22.738,12.047,46.71,21.2803,29.2,13.75,1047.9761,15.22,32.8,39.78,#N/A,202.49,39.5,14.38,26.82,28.05,30.51,34.458,26.33,8.195,#N/A,#N/A,15.9111,11.0074,27.49,151.034,15.4533,#N/A,7.6,20.52,39.95,#N/A,15.8987,4.8,#N/A,#N/A,10.9644,#N/A,31.5,8.51,#N/A,12.185,14.5208,35.27,11.2,3.7669,77.48,14,18.95,41.5
2002-11-29,72300,20.363,14.51,47.2,23.9181,30.08,14.16,1091.537,15.425,37.24,39.03,#N/A,199,49.06,13.4933,28.17,29,35.14,34.9206,24.78,9.85,#N/A,#N/A,16.5067,11.7037,27.4,154.8,15.8333,#N/A,8.605,17.05,38.9,#N/A,15.9573,4.6,#N/A,#N/A,10.9067,#N/A,30.85,10.99,#N/A,13.0775,14.2284,40.5,12.85,4.6858,88.532,12.05,19.55,39.5
2002-12-31,72750,20.875,13.707,46.21,24.0963,31.74,12.4075,969.2313,15.06,34.05,36.99,#N/A,205.5,45.43,14.82,29.38,30.13,31.58,34.059,25.6,8.94,#N/A,#N/A,16.2356,11.7363,27.08,148.524,15.38,#N/A,8.08,17.54,36.26,#N/A,14.9333,4.42,#N/A,#N/A,11.4711,#N/A,29.22,10.1,#N/A,14.59,13.8995,37.15,12.59,4.5491,82.02,13.95,19.42,37.58
2003-01-31,67600,21.975,14.557,42.63,23.8557,31.77,12.085,906.7381,16.195,32.64,35.19,#N/A,203.4,41.68,14.6733,25.25,28.6,32.25,32.4626,24.3,8.11,#N/A,#N/A,15.9556,11.6148,28.73,138.274,14.2867,#N/A,7.445,17.47,34.35,#N/A,14.4747,3.85,#N/A,#N/A,11.9244,#N/A,26,13.18,#N/A,12.9375,13.8743,36.9,11.72,4.1724,85.08,13.81,18.88,36.31
2003-02-28,61700,20.725,14.323,40.7,23.321,30.03,13.0025,825.8152,15.625,30.86,31.63,#N/A,213.66,36.13,14.57,24.47,27.57,28.33,32.1451,22.99,7.525,#N/A,#N/A,16.1378,12.0296,26.43,137.563,13.22,#N/A,7.205,13,36.4,#N/A,14.56,3.15,#N/A,#N/A,11.9867,#N/A,24.9,14.15,#N/A,13.5475,14.0415,34.87,11.8,3.8893,78.29,12.965,18.65,36.21
2003-03-31,63800,22.918,15.24,42.63,23.5081,29.25,14.8275,828.4959,16.025,31.8,33.17,#N/A,223.7,35.29,13.28,24.55,27.14,28,31.8095,22.4,7.285,#N/A,#N/A,15.9111,12.6963,26.28,139.759,13.2333,#N/A,7.8275,9.8,36.3,#N/A,14.2667,4.041,#N/A,#N/A,12.4089,#N/A,23.17,14.03,#N/A,14.375,14.4652,33.38,12.27,4.1316,77.93,13.435,18.4,37.95
2003-04-30,69815,23.033,17.433,47.68,25.6023,31.97,17,970.9067,16.355,34.34,37.79,#N/A,242.35,40.76,13.7567,24.99,29.1,31.96,33.4331,23.95,10.575,#N/A,#N/A,17.2222,13.76,28.65,145.076,14.7867,#N/A,8.9425,11.5,37.37,#N/A,16.32,7.48,#N/A,#N/A,13.2267,#N/A,24.71,15.3,#N/A,15.5325,15.3693,39.7,12.55,3.9708,80,14.775,20.1,44
2003-05-30,71000,23.985,18.7,50.13,24.925,33.52,18,969.7339,16.455,36.58,35.99,#N/A,252.25,46.64,16.0333,27.25,31.76,34.8,33.6417,24.28,11.625,#N/A,#N/A,17.1644,14.5926,30.88,151.281,14.74,#N/A,8.8625,12.9,40.12,#N/A,18.3147,4.81,#N/A,#N/A,14.3067,#N/A,26.18,17.51,#N/A,16.01,15.984,40.27,13.075,4.1508,85.64,14.79,22.05,47.38
2003-06-30,72500,25.125,15.647,51.07,25.2369,33.65,18.275,924.4975,15.375,36.51,35.65,#N/A,256,50.36,15.7633,27.2,32.25,35.63,33.5964,24.6,15.075,#N/A,#N/A,16.5556,15.6148,32.1,163.017,15.2,#N/A,8.125,13.41,41.25,#N/A,18.2773,6.89,#N/A,#N/A,14.8844,#N/A,27.12,17.99,#N/A,15.64,16.0317,36.65,12.525,4.4411,86.23,16.45,20.85,45.65
2003-07-31,72010,26.045,15.593,49.62,24.7023,35.58,16.4975,1075.6205,16.04,35.17,38.03,#N/A,270.49,52.19,15.3333,26.53,32.6,37.34,35.6463,25.05,17.75,#N/A,#N/A,18.0622,15.197,35.77,164.681,15.2667,#N/A,7.75,13.58,40.42,#N/A,18.4107,9.46,#N/A,#N/A,14.0978,#N/A,30.54,22.34,#N/A,15.995,16.7317,46.81,12.73,5.444,88.37,16.18,21.2,46.6
2003-08-29,75775,24.715,15.893,50,25.3261,36.41,17.685,998.0485,16.005,34.76,35.75,#N/A,268.75,53.22,13.72,27,31.46,35.42,36.5986,21.75,19.275,#N/A,#N/A,17.9378,14.7022,37.82,170.707,14.5867,#N/A,7.75,14.1,40.73,#N/A,17.9147,11.22,#N/A,#N/A,15.0889,#N/A,29.62,23.67,#N/A,15.415,17.8984,47.59,14.705,6.315,85.99,16.48,21.55,43.68
2003-09-30,75000,25.16,14.883,47.61,24.9963,37.36,17.2775,966.7181,16.15,37.03,36.53,#N/A,267,52.63,13.4567,28.28,30.99,35.38,36.2812,21.02,16.33,#N/A,#N/A,18.0622,15.2267,40.75,166.644,14.5,#N/A,7.695,14.77,38.9,#N/A,17.648,19.03,#N/A,#N/A,15.0133,#N/A,30.46,23.81,#N/A,15.3525,18.2962,44.4,14.905,6.2022,85.05,16.46,21.9,44.78
2003-10-31,77810,25.44,19.017,42.75,27.9816,38.64,18.45,1019.1588,18.24,38.13,39.5,#N/A,252.39,54.9,14.3333,29.19,31.35,39.93,37.1973,21.58,15.755,#N/A,#N/A,19.5022,15.24,39.95,171.944,14.8467,#N/A,7.6125,16.37,39.98,#N/A,19.168,18.75,#N/A,#N/A,15.0867,#N/A,37,26.63,#N/A,18.255,17.4636,52.9,15.33,6.1062,83.071,16.8,23.51,47.53
2003-11-28,83750,26.95,17.883,44.44,29.1312,39.11,19.525,970.9067,17.985,37.1,40.38,#N/A,257.25,55,14.21,31.3,33.11,39.21,36.9161,23.39,16.465,#N/A,#N/A,19.6,15.1778,37.15,175.819,16.3467,#N/A,7.8625,14.93,40.15,#N/A,19.7653,27.3,#N/A,#N/A,15.7867,#N/A,37.83,27.35,#N/A,18,17.5962,49.35,16.31,6.2262,83.47,18.1,24.4,47.58
2003-12-31,84250,29.09,19.167,47.89,30.0045,41.77,20.8975,1110.4693,18.09,39.65,43.02,#N/A,253.51,59.03,16.4833,32.49,33.07,40.37,37.8685,24.1,15.465,#N/A,#N/A,20.24,15.5333,38.65,189.902,17.64,#N/A,8.1525,15.77,42.38,#N/A,20.288,21.5,#N/A,#N/A,15.8733,#N/A,41.41,30.77,#N/A,19.02,18.8,48.75,16.18,7.3994,84.48,18.73,23.72,46.55
2004-01-30,89490,30.44,20.673,46.93,29.8976,43.5,20.6625,1163.5802,18.44,42.13,45.46,#N/A,271.39,64.34,17.8867,31.28,34.7,44.15,39.2925,25.77,16.675,#N/A,#N/A,21.0844,17.1156,39.61,198.863,19.08,#N/A,8.665,15.63,43.08,#N/A,20.696,23,#N/A,#N/A,15.7467,#N/A,44.06,34.68,#N/A,17.905,20.65,46.56,17.7,7.7018,90.25,20.32,22.41,47.69
2004-02-27,94500,31,18.477,47.99,31.3234,46.39,20.665,1239.8118,20.305,42.74,45.63,#N/A,272.16,65.5,20.0967,33.65,36.2,46.43,40.8163,27.5,17,#N/A,#N/A,23.1644,18.5111,40.45,200.647,20.0533,#N/A,9.225,14.82,47.47,#N/A,18.88,22.8,25.74,#N/A,15.4467,#N/A,43.35,36.88,#N/A,17.845,22.48,43.7,18.45,6.982,94.41,20,21.88,51.1
2004-03-31,93300,32.22,19.673,46.3,31.7957,44.78,21.9,1195.4132,20.07,40.01,45.46,#N/A,287.9,63.7,19.6867,32.57,35.63,47.32,39.4104,27.56,14.6,#N/A,#N/A,23.9067,17.7244,40.97,215.29,19.8867,#N/A,9.69,14.63,48.26,#N/A,19.648,23.6,25.15,#N/A,15.66,#N/A,42.9,34.55,#N/A,20.475,22.1,42.6,17.535,6.6701,89.49,19.3,21.88,49.93
2004-04-30,93390,30.74,21.503,45.1,30.7442,43.94,21.88,1200.4394,21.115,40.67,45.9,#N/A,293.01,61.08,19.3367,32.23,35.3,44.88,38.8857,27.41,12.96,#N/A,#N/A,23.1289,18,38.82,228.487,20.4667,#N/A,9.7525,15.55,46.24,#N/A,18.576,28.13,24.36,#N/A,14.9333,#N/A,39.65,34.76,#N/A,22.545,19.6,46.51,17.88,7.2675,94.15,17.375,20.23,50.99
2004-05-31,89000,32.625,22.6,44.12,31.6798,44.3,21.4425,1228.0839,20.3,39.68,43.98,#N/A,287.5,66.12,19.21,31.85,34.95,47.49,40.7143,30.02,11.435,#N/A,#N/A,24.0844,18.5111,39.75,232.004,20.14,#N/A,9.995,14.56,45.56,#N/A,18.208,25.01,25.1,#N/A,15.6333,#N/A,40.1,32.15,#N/A,24.31,19.96,46,18.065,6.8644,93.81,17.985,20.92,50.24
2004-06-30,88950,31.125,22.937,45.38,31.9472,46.47,21.325,1194.2404,20.405,40.54,46.55,#N/A,277.5,68.74,19.9867,30.45,34.78,47.25,41.4476,29.59,10.935,#N/A,#N/A,23.9111,19.0889,40.65,249.851,20.38,#N/A,10.775,15.9,46.78,#N/A,18.976,23.66,26.38,#N/A,16.02,#N/A,42.6,33.8,#N/A,26.435,20.4,47.9,19.94,7.6274,92.33,18.25,22.53,49.65
2004-07-30,87250,31.45,20.67,44.38,31.7868,46.56,19.155,1183.6852,19.82,37.07,47.08,#N/A,282.5,65.1,18.8767,30.97,33.99,43.7,37.981,26.38,10.4,#N/A,#N/A,23.2356,18.1956,39.85,235.487,19.7933,#N/A,10.63,15.95,45.32,#N/A,18.632,22.68,24.4,#N/A,16.3,#N/A,41.65,29.81,#N/A,24.905,20.13,46.02,18.005,7.2147,91.7,18.4,21.12,47.13
2004-08-31,87000,33.065,22.187,44.69,33.1948,46.18,20.075,1193.5702,20.05,34.69,47.21,#N/A,293.85,61.16,18.9333,31.86,34.71,45.3,38.4286,24.1,9.79,#N/A,#N/A,22.88,17.9467,39.85,226.354,19.6333,#N/A,11.225,16.18,49.74,#N/A,18.84,28.2,26.54,#N/A,16.9133,#N/A,41.95,29,#N/A,26.24,21.36,44.3,17.265,6.6581,95,18.495,22.4,50.15
2004-09-30,86650,36.87,23.21,45.76,34.4424,47.04,21.1875,1139.119,19.605,33.06,47.99,#N/A,308.4,61.93,19.5,33.13,35.97,47,39.2571,24.01,10.775,#N/A,#N/A,23.6356,18.7378,41.2,237.576,19.9267,#N/A,11.425,15.69,51.02,#N/A,20.024,37.92,26,#N/A,17.5533,#N/A,41.57,26.88,#N/A,29.34,22.13,46.23,18.6,7.4786,96.79,18.775,22.99,52.89
2004-10-29,84250,36.2,21.153,27.66,34.175,46.47,23.3875,1017.1483,17.94,33.96,48.09,#N/A,318,58.48,19.9667,28.1,37.76,43.8,39.7619,23.9,13.17,#N/A,#N/A,24.0089,18.9956,43.08,251.505,19.7333,#N/A,10.44,13.66,50.12,#N/A,18.68,40.38,26.98,#N/A,17.1,#N/A,43.18,30.1,#N/A,33.97,20.53,47.93,19.54,7.4762,105.13,19.015,23.79,51.43
2004-11-30,83700,41.425,23.34,28.59,34.7543,48.95,22.7475,1061.3795,18.81,36.48,50.5,#N/A,322,64,23.3033,30.65,37.68,46.02,42.6667,26.11,13.925,#N/A,#N/A,24.4044,20.1556,46.42,245.994,20.9867,#N/A,10.1375,15.57,52.18,#N/A,19.992,41.15,30,#N/A,18.2067,#N/A,47.64,32.55,#N/A,35.255,21.23,51.25,22.395,8.4815,101.65,20.825,24.86,56.7
2004-12-31,87900,44.015,27.19,32.9,36.0999,54.96,21.21,1100.2492,19.92,37.07,51.72,#N/A,364,69.31,23.4333,32.5,40.94,46.68,42.1524,26.75,15.525,#N/A,#N/A,25.3956,20.9644,48.45,248.327,20.8733,#N/A,10.8875,17.94,52.57,#N/A,20.24,45.98,30.55,#N/A,17.7867,#N/A,45.45,32.83,#N/A,36.82,20.36,53.24,22.12,8.1768,104.16,20.785,24.37,59.92
2005-01-31,89900,44.45,26.75,32.5,35.4226,53.91,20.9125,1110.6368,19.755,37.54,50.44,#N/A,341,67.29,22.6667,29.65,40.58,46.14,42.019,26.44,14.465,#N/A,#N/A,24.2667,21.2,47.02,231.969,20.5267,#N/A,10.815,17.17,53.27,#N/A,18.56,45.47,32.53,#N/A,17.8267,#N/A,42.83,32.65,#N/A,34.78,19.78,47.94,21.585,7.2579,105.66,21.73,21.8,56.9
2005-02-28,90200,45.58,30.267,32.65,36.5722,57,21.775,1119.1815,19.165,38.32,53.68,#N/A,357.5,71.95,23.76,29.86,39.02,46.85,42.6,28.77,16.5,#N/A,#N/A,23.16,22.8267,45.65,238.533,20.3267,#N/A,11.6,16.92,51.33,#N/A,19.192,44.61,34.4,#N/A,17.98,#N/A,46.88,35.8,#N/A,35.08,19.03,48.33,23.005,6.91,109.14,21.65,21.02,54.86
2005-03-31,87000,47.69,29.767,30.42,34.8434,57.4,22.94,928.351,18.63,36.73,54.06,#N/A,345.21,68.56,24.5133,28.8,38.49,45.14,41.5333,28.06,15.75,#N/A,#N/A,23.2,22.0444,42.58,245.968,20.5333,#N/A,11.5225,17.02,52.12,#N/A,18.632,46.3,33.7,#N/A,18.4133,#N/A,45.4,35.95,#N/A,32.75,19.15,47.74,23.115,6.7588,105.9,20.725,20.64,55.26
2005-04-29,84350,47.255,30.66,28.03,34.6652,57.15,22.8175,851.9518,20.325,35.8,56.16,#N/A,343.1,72.37,23.6267,27.84,39.08,44.97,40.12,27.45,13.64,#N/A,#N/A,23.7467,21.6667,44.72,239.752,20.7267,#N/A,10.9375,16.72,51.38,#N/A,18.88,45.94,33.09,#N/A,18.02,#N/A,45.5,33.57,#N/A,30.65,18.95,44.43,22.075,5.6024,102.6,21.45,21.17,52.86
2005-05-31,84100,48.58,32.417,29.04,39.7446,63.31,24.0175,930.6966,20.775,37.88,58.2,#N/A,341.75,74.79,25.1,27.62,39.89,45.53,39.48,27.58,12.765,#N/A,#N/A,23.4444,23.64,45.75,248.854,21.6133,#N/A,11.14,18.36,51.8,#N/A,19.888,53.18,35.15,#N/A,19.1933,#N/A,49.79,34.92,#N/A,33.76,18.58,45.88,24.065,6.9724,115.4,21.87,22.35,55.2
2005-06-30,83500,52.14,35.677,27.7,40.0476,65.66,24.7025,973.4198,21.64,39.53,59.75,#N/A,339,74.78,25.8333,27.13,41.9,46.92,39.56,28.42,13.325,#N/A,#N/A,23.2,23.7867,46.51,263.728,22.3467,#N/A,11.235,18.32,54.25,#N/A,20.232,53.55,36.1,#N/A,18.78,#N/A,49.1,37.09,#N/A,30.18,19.65,47.22,24.775,7.685,113.91,22.3,23.6,54.52
2005-07-29,83500,52.3,35.583,28.97,43.7904,66.9,24.9225,1008.6037,22.55,44.02,61.26,#N/A,336,80.57,27.8767,27.89,43.95,48.3,41.22,30.01,14.61,#N/A,#N/A,23.2311,24.9533,42.17,271.844,22.56,#N/A,10.83,19.15,54.34,#N/A,21.008,57.84,36.95,#N/A,20.4667,#N/A,53.25,39,#N/A,33.32,19.75,51.58,24.895,8.8894,115.17,23.8,23.28,57.71
2005-08-31,83150,51.5,38.44,28.05,43.6478,64.37,24.1025,991.8495,21.61,43.01,56.21,#N/A,324.75,73.05,29.23,28.56,45.8,49.59,40.93,28.97,15.93,#N/A,#N/A,23.44,23.66,42.91,264.393,22.3533,#N/A,11.8675,19.32,52.14,#N/A,20.136,59.85,37.33,#N/A,21.4533,#N/A,46.17,40.71,#N/A,36.32,18.11,51.18,23.67,8.9806,111.02,23.05,22.49,58.73
2005-09-30,82000,56.2,39.287,30.39,44.4053,67.56,26.1925,1038.0911,22.65,44.87,55.29,35.8,330.5,77.17,30.8033,28.81,47.37,52.02,41.89,29.87,15.635,#N/A,#N/A,23.48,26.32,44.7,271.719,22.62,#N/A,12.4225,20.5,52.75,#N/A,21.336,58.19,38.06,#N/A,23.7667,#N/A,47.46,41.14,#N/A,40.03,17.28,53.1,24.45,9.7148,119.12,23.13,22.85,59.99
2005-10-31,85900,57.89,38.623,29.15,44.031,72.79,28.9525,1085.6731,23.89,45.03,52.79,37.22,318,79.75,30.9933,29.42,49.63,50.61,42.55,30.79,13.435,#N/A,#N/A,23.48,29.1333,45.75,267.279,22.7867,#N/A,13.5825,20.29,52.96,#N/A,20.728,58.33,38.2,#N/A,21.98,#N/A,46,38.1,#N/A,38.52,17.92,52.1,27.455,9.1293,117.93,26.875,22.17,60.45
2005-11-30,89390,59.86,37.507,30.89,45.84,77.4,30.7475,1124.8779,24,46.53,56.1,42.05,317.25,87.37,32.1933,30.45,50.67,51.98,44.51,34.05,13.71,#N/A,#N/A,24.0533,31.08,47.28,261.232,24.7667,#N/A,14.59,22,53,#N/A,21.288,70.42,44.12,#N/A,21.8867,#N/A,47.4,39.95,#N/A,43.04,18.33,56.56,27.985,9.9907,117.14,26.1,22.71,59.3
2005-12-30,88620,62.14,37.233,31.76,43.6656,73.19,29.195,1143.14,23.21,44.67,54.07,41,317.05,85.89,31.6167,30.88,47.43,53.03,44.68,32.73,13.84,#N/A,#N/A,24.7111,31.7467,47.76,252.184,25.54,#N/A,15.27,22.75,53.2,#N/A,21.008,72.05,43.49,#N/A,21.8267,#N/A,45.05,41.77,#N/A,41.74,17.36,58.59,26.55,10.5737,116.99,24.935,22.07,58.22
2006-01-31,89490,59.42,40.533,30.39,44.6993,75.34,26.26,1096.7308,23.475,45.38,52.05,40.69,334,82.23,32.8967,29.16,47.16,54.53,45.54,31.62,14.945,#N/A,#N/A,24.9333,32.9333,48.5,257.734,25.08,#N/A,14.365,20.33,53,#N/A,21.45,80.999,45.92,#N/A,24.1333,#N/A,44.21,48.45,#N/A,42.3,16.84,57.23,29,12.2508,118.5,27.325,23.04,56.37
2006-02-28,86800,58.23,40.917,30.91,44.6637,77.04,26.8625,1111.8096,23.125,42.98,54.78,45.48,328.55,82.38,30.7533,29.49,48.72,56.77,44.36,30.92,15.71,#N/A,#N/A,24.2978,38.5933,46.23,255.736,27.6,#N/A,15.635,20.69,53.07,#N/A,21.29,88.84,45.4,#N/A,23.5,#N/A,48.35,48.45,#N/A,46.59,16.49,56.75,27.11,12.7163,114.44,26.36,24.02,55.9
2006-03-31,90350,55.86,43.54,29.36,43.1042,75.81,26.065,1107.286,22.565,41.79,52.11,45.06,337.68,80.55,33.7333,27.81,48.8,54.59,42.07,31.84,16.34,#N/A,#N/A,25.3778,38.7067,47.29,262.209,27.74,#N/A,16.6,20.48,52.64,#N/A,21.82,98.97,49.25,#N/A,22.3,#N/A,46.51,52.42,#N/A,44.12,17.1,60.25,26.5,13.0498,112.08,28.65,24.01,54.9
2006-04-28,89000,49.74,35.667,30.67,46.4281,78.13,27.1325,1093.2125,23.77,44.03,56.49,49.04,349.25,91.93,35.3833,27.44,51.31,58.08,42.64,32.14,17.655,#N/A,#N/A,26.7156,37.42,48.1,259.039,29.52,#N/A,15.615,20.31,50.93,#N/A,22.25,104.44,48.17,#N/A,24.5,#N/A,48.85,52.9,#N/A,42.49,16.78,62.72,27.83,15.2356,119.25,24.8,25.63,53.37
2006-05-31,92290,43.96,30.913,28.03,45.8667,76.15,27.35,1018.6562,23.4,44.02,55.01,45.77,337.75,87.94,33.98,26.58,54.65,56.18,45.84,32.58,15.905,#N/A,#N/A,26.1689,34.37,47.45,255.688,28.1067,#N/A,15.235,17.96,50.6,#N/A,21.37,88.41,48.88,#N/A,23.6533,#N/A,44.81,47.35,#N/A,44.19,16.13,61.12,27.25,14.9572,116.05,23.65,26.02,55.95
2006-06-30,91659,44.78,32.837,26.89,45.635,77.7,25.71,989.3363,23.175,44.58,54.73,44.67,347,84.6,35.45,25.34,55.65,56.44,47.01,32.96,17.73,#N/A,#N/A,26.9867,34.13,49.15,250.308,28.6,#N/A,14.61,18.13,52,#N/A,21.37,100.66,48.4,#N/A,24.4067,#N/A,43.59,47.46,#N/A,47.23,15.77,61.78,27.935,14.5398,129.72,24.09,27.25,56.37
2006-07-31,91600,47.83,30.417,27.03,46.339,78.64,24.19,1016.4782,22.07,45.8,56.82,44.6,340.65,84.84,37.06,27.17,54,56.68,47.16,33.95,17.4,#N/A,#N/A,26.8756,36,49.57,250.407,28.0733,#N/A,15.695,16.23,49.55,#N/A,21.27,88.2,48.17,#N/A,24.65,#N/A,40,46.28,#N/A,42.69,16.54,61.53,25.5,12.0277,114.63,23.64,27.35,55.18
2006-08-31,96097,51.95,37.69,26.16,49.0392,73.41,24.59,1069.2539,22.535,43.9,57.94,45.73,363.33,85.86,38.48,26.8,53.24,60.7,46.7,34.67,18.845,#N/A,#N/A,27.6489,35,51.68,255.461,31.1467,#N/A,14.97,18.95,51.04,#N/A,20.9,70.87,51.45,#N/A,24.5,#N/A,43.88,44.5,#N/A,42.7,16.37,59.88,26.01,12.0061,115.04,24.45,28.06,50.27
2006-09-29,95800,49.2,38.773,28.15,50.5095,76.25,24.54,1110.1342,22.88,46.89,62.73,46.9,410.66,86.75,37.9,26.67,54.28,62.08,48.12,36.02,20.855,#N/A,#N/A,28.0489,35.39,51.93,261.765,31.2867,#N/A,15.28,19.39,52.37,#N/A,22.15,74.15,53.41,#N/A,22.34,#N/A,44.17,44.63,#N/A,42.7,16.66,60,26.305,11.5778,115.9,25.395,27.76,49.61
2006-10-31,105475,48.78,38.993,29.44,50.9105,76.93,24.17,1125.3806,22.46,51.13,61.36,51.5,399.5,87.17,38.92,27.85,56.49,63.31,45.65,37.45,22.15,#N/A,#N/A,27.4133,36.86,56.4,276.927,31.9067,#N/A,14.63,19.78,50.65,#N/A,22.53,91.72,52.66,#N/A,25.68,#N/A,42.93,45.35,#N/A,46.44,16.93,53.3,27.625,12.9778,116,27.105,25.55,51.77
2006-11-30,107100,49.08,42.017,31.42,52.3364,81.48,22.55,1178.1563,22.07,51.81,63.48,54.1,447.75,85.76,39.92,29.29,57.75,63.59,44.28,38.5,23.07,#N/A,#N/A,28.0978,35.11,55.17,310.303,34.8067,#N/A,14.5,20.48,56.28,#N/A,22.55,86.66,54.96,#N/A,26.34,#N/A,48.92,47.38,#N/A,45.04,17.92,53.21,27.76,13.604,114.17,27.655,26.05,53.45
2006-12-29,109990,53.73,43.857,30.66,52.5859,85.86,24.22,1200.607,23,53.69,65.11,54.5,480.1,93.31,41.47,29.55,58.7,66.4,45.31,40.32,26.815,#N/A,#N/A,28.3378,34.51,55.7,329.324,35.91,#N/A,14.105,20.78,57.98,#N/A,23.28,87.01,55.25,#N/A,25.64,#N/A,50.11,48.8,#N/A,38.18,18.27,53.91,28.645,12.6683,114.11,28.21,26.82,52.73
2007-01-31,110050,52.26,44.133,29.5,55.3573,89.13,23.19,1146.8259,23.805,50.85,60.16,58.96,485.1,94.91,43.46,28.67,61.61,67.14,44.74,40.65,28.715,#N/A,#N/A,28.8844,33.09,58.15,324.714,35.32,#N/A,14.16,22,55.27,#N/A,22.3,83.79,55.58,#N/A,25.85,#N/A,51.21,48.05,#N/A,42.29,17.59,60.22,25.725,13.766,122.04,27.67,25.33,52.16
2007-02-28,106190,52.18,47.5,29.42,56.2841,90.94,22.94,1124.3753,23.62,50.75,60.11,58.45,478.85,94.56,43.4,28.63,60.87,68.23,43.22,41.06,26.35,#N/A,#N/A,28.4089,32.6,57.08,353.797,34.97,#N/A,14.075,21.41,53.91,#N/A,22.32,65.02,53.45,#N/A,26.4,#N/A,45.76,46.97,#N/A,44.69,17.16,57.45,24.44,15.0616,127.25,28.03,24.9,53.3
2007-03-30,108990,52.97,47.553,29.29,56.2752,90.26,21.82,1126.2183,23.53,51.77,60.06,57.14,484.83,95.58,45.43,28.33,59.87,67.79,42.4,43.09,24.54,#N/A,#N/A,29.1511,33.12,57.72,345.149,34.04,#N/A,13.525,23.03,52.77,#N/A,22.12,69.99,53.63,#N/A,28.74,#N/A,47.07,46.12,#N/A,45.84,16.85,54.88,25.46,15.0868,127.93,27.465,24.45,53.04
2007-04-30,109200,53.06,51.863,31.76,58.5476,95,23.07,1171.2871,25.67,54.1,62.32,59.47,458.91,101.2,47.32,27.96,63.49,71.15,45.24,46.67,24.92,#N/A,#N/A,30.3556,32.49,62.31,330.552,35.27,#N/A,12.875,24.88,52.55,#N/A,21.27,69.96,57.53,#N/A,30.3,#N/A,47.15,45.96,#N/A,48.31,16.78,58.11,26.08,16.6991,130.52,27.845,24.57,54.15
2007-05-31,109490,54.77,55.877,32.83,60.5972,102.02,23.05,1211.9998,26.43,54.17,61.5,62.85,493,103.17,51.03,29.4,60.8,72.5,45.42,50.82,24,#N/A,#N/A,31.16,32.94,62.62,345.518,35.65,#N/A,13.03,26.54,55.68,#N/A,21.66,70.55,59.45,#N/A,30.31,#N/A,48.98,48.79,#N/A,48.66,16.71,61.9,27.37,16.6163,143.94,28.725,25.04,56.09
2007-06-29,109475,51.14,52.22,30.88,57.4604,97.23,23.93,1173.2976,25.7,53.5,61.51,63.57,484.56,98.51,50.98,27.88,58.29,70.95,43.4,47.69,25.5,#N/A,#N/A,29.7778,32.54,60.24,375.543,34.15,#N/A,12.57,26.11,54.04,#N/A,21.26,75.5,58.92,#N/A,28.04,#N/A,49.18,48.79,#N/A,48.25,16.74,54,26.88,15.6698,152.6,27.975,24.46,55.11
2007-07-31,110000,48.43,51.64,27.55,53.6641,88.63,20.98,1075.2855,26.06,50.78,53.15,60.27,465.5,91.87,47.4,27.58,56.39,60.32,39.2,41.52,23.93,#N/A,#N/A,27.3511,29.42,53.31,388.015,28.09,#N/A,12.85,24.3,51.64,#N/A,18.36,63.85,50.72,#N/A,27.26,#N/A,42.38,43.89,#N/A,45.46,15.01,33.71,20.52,13.7588,149.53,29,23.35,51.78
2007-08-31,118390,50.01,51.68,26.65,57.0772,89.78,20.34,1105.7781,26.655,50.54,54.75,61.01,475.66,88.91,47.01,29.53,55.49,60.88,42.14,41.96,22.66,#N/A,#N/A,27.36,29.89,54.31,380.624,28.2,#N/A,13.46,24.47,55.89,#N/A,18.19,63.04,51.54,#N/A,27.05,#N/A,45.46,42.78,#N/A,43.01,16.98,17.64,21.1,13.5213,126.05,30.075,24.99,52.68
2007-09-28,118510,48.43,53.29,25.5,62.1388,97.58,19.41,1133.4226,28.52,50.34,57.19,63.11,484,92.55,48.35,28.97,63.09,65.97,43.31,39.32,20.33,#N/A,#N/A,27.6978,29.63,56.69,375.081,28.52,#N/A,13.15,24.47,61.13,#N/A,18.74,63.46,53.5,#N/A,27.84,#N/A,49.59,44.19,#N/A,41.97,16.54,23.28,21.28,13.5105,131.55,28.36,24.3,53.93
2007-10-31,132500,49.15,52.49,25.89,61.3546,96.72,18.5,1057.526,31.39,52.21,52.4,62.98,543.22,97.03,49.09,26.61,67.67,62.37,39.78,39.63,20.87,#N/A,#N/A,28.96,30.09,57.13,363.09,29.9,#N/A,12.595,23.34,56.9,#N/A,15.33,64.53,58.44,#N/A,28.16,#N/A,46.31,46.07,#N/A,42.09,16.62,12.59,24.31,13.0066,129.3,29.085,24.26,51.31
2007-11-30,140100,55,53.61,25.12,58.4495,94.14,18.4,973.9225,31.32,53.11,51.12,58.69,482.15,95.32,47.79,26.28,65.49,61.57,39.98,35.44,22.87,#N/A,#N/A,27.4133,30.58,54.11,377.853,29.22,#N/A,12.3,24.84,51.74,#N/A,15.01,65.47,65.43,#N/A,27.29,#N/A,46.26,45.1,#N/A,39.78,15.51,11.34,23.59,9.1089,119.55,29.815,24.46,51.89
2007-12-31,141600,58.2,53.73,26.47,54.9117,93.04,19.16,976.7707,31.315,53.8,52.23,55.11,491.1,87.19,50.34,24.19,68.84,58.22,39.54,33.72,19.75,#N/A,#N/A,26.9022,29.81,52.48,371.386,28.88,#N/A,11.75,23.79,51.89,#N/A,15.41,65.68,66.9,#N/A,27.61,#N/A,47.99,45.8,#N/A,42.15,14.7,11.68,22.99,9.9907,121.24,28.395,23.61,49.81
2008-01-31,136000,50.84,49.19,27.55,52.47,84.07,18.55,920.9791,30.545,48.1,49.22,55.31,463,80.5,46.51,25.39,59.61,54.19,38.54,33.99,22.11,#N/A,#N/A,27.1022,30.18,57.97,349.214,27.66,#N/A,11.255,22.62,50.63,#N/A,14.93,69.48,64.78,#N/A,25.89,#N/A,41.15,45.54,#N/A,50.03,15.57,9.13,23.91,10.1922,125.41,27.76,24.47,48.24
2008-02-29,140000,46.48,44.58,25.47,51.9175,72.97,18.33,785.1025,31.205,46.41,47.73,50.64,464.75,69.9,41.84,23.6,55.23,51.11,37.17,26.65,18.36,#N/A,#N/A,26.7822,28.79,54.71,333.508,25.87,#N/A,8.915,22.91,49.35,#N/A,13.72,52.11,62.55,#N/A,26.26,#N/A,35.6,43.69,#N/A,46.38,13.71,7.12,23.76,10.1382,113.45,26.115,22.48,45.6
2008-03-31,133400,34.36,40.57,24.35,53.6998,78.25,16.07,724.6198,32.475,47.85,48.06,51.85,439.97,75.77,40.22,23.62,55.72,52,38.04,25.79,19.42,#N/A,#N/A,26.7156,27.69,54.44,321.803,25.56,#N/A,8.69,22.01,51.19,#N/A,12.91,57.09,60.86,#N/A,24.55,#N/A,35.34,41.14,#N/A,52.16,15.61,6.57,23.88,9.5912,106.7,24.785,23.16,44.31
2008-04-30,133850,32.63,42.71,27.59,54.2256,75.71,18.19,774.0447,33.335,50.4,50.36,47.49,434.4,71.27,42.11,24.57,53.66,53.76,35.9,26.81,20.75,#N/A,#N/A,28.7733,25.69,51.98,324.63,27.42,#N/A,9.6,23.21,53.42,#N/A,14.35,57.43,65,#N/A,28.87,#N/A,37.94,44.88,#N/A,51.96,15.46,5.4,21.32,10.9408,111.78,24,24.03,49.89
2008-05-30,134650,34.21,40.6,27.23,53.4948,74.7,20.06,603.1517,33.565,49.81,50.94,47.26,404.65,71.07,49.57,25.53,53.88,55.16,35.02,30.39,19.66,#N/A,#N/A,28.1822,27.09,51.42,353.842,29.82,#N/A,9.735,24.08,51.19,#N/A,15.05,59.51,68.03,#N/A,33.03,#N/A,34.65,46.1,#N/A,55.72,14.99,5.73,21.88,14.7017,110.27,25.57,23.67,50.86
2008-06-30,120750,26.25,35.39,26.55,47.0252,59.74,18.72,443.3165,31.4,43.4,45.59,40.67,367,64.57,46.9,24.1,41.97,45.32,25.4,25.15,14.19,#N/A,#N/A,26.0667,24.16,43.52,312.898,26.75,#N/A,8.695,20.45,46.15,#N/A,11.84,47.68,65.96,#N/A,34.86,#N/A,27.57,42.5,#N/A,55.22,11.78,1.45,18.76,12.4848,98.02,24.735,17.49,46.72
2008-07-31,114450,28.08,37.02,28.25,45.2429,68.97,20.25,436.4473,27.805,44.12,46.22,42.5,363,63.39,44.56,25.43,42.51,47.7,27.84,26.69,13.4,#N/A,#N/A,25.8,23.62,49.7,297.086,28.97,#N/A,8.785,24.16,43.7,#N/A,10.5,46.06,60.12,#N/A,31.91,#N/A,27.59,42.92,#N/A,50.58,11.33,1.74,21.6,13.5464,94.5,27.31,21.3,50.51
2008-08-29,116600,30.45,41.88,31.93,48.2995,73.71,18.47,360.0481,28.35,44.16,45.13,44.95,370,63.08,43.43,26.48,45.79,50.76,29.64,28.04,14.8,#N/A,#N/A,26.5511,23.56,48.16,301.543,28.53,#N/A,10.16,25.41,46.25,#N/A,10.93,41.68,58.43,#N/A,33.04,#N/A,25.53,47.23,#N/A,49.02,11.73,3.83,24.14,12.949,95.45,27.955,23.02,50.94
2008-09-30,130600,25.39,33.98,31.76,49.9036,72,17.4,55.7915,29.375,45.2,46.12,38.2,351.5,40.99,39.49,25.66,43.49,42.81,28.44,26.24,14,#N/A,#N/A,26.5778,23.55,54,343.948,29.5,#N/A,10.81,25.1,42.27,#N/A,12.75,41.93,55,#N/A,29,#N/A,24.94,45.52,#N/A,44.06,15.98,5.04,22.92,9.2601,86.33,31.045,28.13,54.75
2008-10-31,115490,23.73,16.3,29.28,29.6035,30,14.27,32.0005,22.14,42.55,26.39,21.6,350.84,10.32,33.2,24.36,18.99,17.24,25.99,15.56,10.62,#N/A,#N/A,18.5644,26.27,37.34,265.735,22.73,#N/A,10.26,15.75,37.19,#N/A,9.21,45.26,25.48,#N/A,18.21,#N/A,21,39.25,#N/A,38.59,13.1,3.6,23.75,6.075,68.28,28.695,24.27,51.37
2008-11-28,104000,21.01,12.11,25.5,25.629,21.7,15.02,33.676,23.15,43.65,25.44,18.46,308,8.45,27.39,24.8,13.81,13.73,29.24,13.76,7.61,#N/A,#N/A,16.0667,28.43,40.6,249.715,20.49,#N/A,9.95,14.9,37.44,#N/A,10.26,37.05,21.77,#N/A,20.33,#N/A,19.14,40.32,#N/A,32.14,12.36,2.71,22.96,5.3516,73.82,29.16,22.24,45.49
2008-12-31,96600,26.6,16.85,24.27,31.065,30.26,14.81,26.3041,22.92,45.2,32.76,23.36,299,16.42,28.25,25.91,22.57,18.84,29.07,16.44,7.88,#N/A,#N/A,19.8667,31,42.82,265.735,22.88,#N/A,10.45,18.6,37.63,#N/A,11.92,34.53,30,#N/A,21.58,#N/A,15.94,42.97,#N/A,38.43,13.2,3.68,22.93,5.6719,73.73,30.58,23.36,45.99
2009-01-30,89502,28.33,17.36,19.33,25.6023,25.75,12.15,21.4454,11.605,38.64,21.67,20.15,270.03,13.16,24.4,23.57,16.59,15.13,21.93,11.63,8.27,#N/A,#N/A,13.3333,26.48,35.63,256.717,16.98,#N/A,9.565,14.16,35.45,#N/A,10.32,30.75,26.4,#N/A,19.89,#N/A,12.76,40.42,#N/A,35.87,7.91,3.22,15.35,4.1424,55.85,28.245,18.9,38.74
2009-02-27,78600,19.65,15.76,17.93,16.4504,16.41,11.57,7.0368,8.38,36.15,16.83,15.94,265.81,6.1,19.85,15.87,7.99,8.59,20.54,7.96,9.43,#N/A,#N/A,9.1556,20.81,27.2,247.482,15.56,#N/A,8.435,10.18,30.04,#N/A,9.08,28.5,20.4,#N/A,15.14,#N/A,10.78,35.17,#N/A,31.65,6.28,1.91,12.03,2.656,42.31,24.49,18.63,26.96
2009-03-31,86700,20.93,17.59,20.25,20.2911,19.02,13.44,16.7542,9.68,40.64,19.15,20.49,283.88,7.85,22.1,17,8.18,6.69,22.87,9.16,12.44,#N/A,#N/A,11.6578,22.55,32.39,260.313,16.05,#N/A,9.455,12.5,34.18,#N/A,10.82,33.53,21.78,#N/A,16.14,#N/A,13.98,28.82,#N/A,33.47,7.67,1.82,12.16,3.2894,52.41,25.1,20.84,29.7
2009-04-30,94000,23.52,19.71,21.09,26.5113,28.88,15.28,23.1208,14.445,41.14,23.33,26.35,287,11.47,24.89,22.48,16.34,11.24,23.95,11.97,12.76,#N/A,#N/A,13.0356,23.91,31.79,243.81,17.58,#N/A,9.73,16.34,35.32,#N/A,9.37,32.45,24.44,#N/A,17.57,#N/A,17,29.98,#N/A,35.61,7.52,1.73,14.76,5.2581,67.87,24.015,23.25,33.78
2009-05-29,91600,26.6,22.17,18.92,28.0708,39.91,16.13,28.3146,17.75,40.66,25.73,30.2,285,14.34,27.05,20.95,22.2,18.95,22.61,14.51,11.21,#N/A,#N/A,17.8489,21.69,36.78,249.904,21.42,#N/A,9.64,17.11,34.6,#N/A,10.23,36.85,23.63,#N/A,18.46,#N/A,14.52,34.31,#N/A,38,6.68,2.83,13.21,5.4848,79.26,23.43,22.24,33.14
2009-06-30,90000,24.98,24.09,20.13,26.743,37.22,15.11,19.4349,15.545,41.04,24.4,24.27,281.7,11.87,27.4,21.34,18.84,17.21,22.35,15.47,14.7,#N/A,#N/A,16.4622,21.47,34.91,260.477,21.58,#N/A,9.965,15.86,35.76,#N/A,9.85,37.15,24.09,#N/A,18.97,#N/A,12.02,38.11,#N/A,35.98,6.19,2.72,12.77,4.9018,75.58,22.4,20.53,33.43
2009-07-31,97000,28.06,28.4,20.42,30.254,44.27,15.58,11.0075,18.93,43.07,26.91,27.8,315.57,16.49,30.02,22.9,23.7,21.19,24.15,17.05,16.13,#N/A,#N/A,17.36,23.23,41.5,259.996,24.39,#N/A,9.59,18.77,37.45,#N/A,10.34,44.88,25.52,#N/A,20.13,#N/A,13.19,39.31,#N/A,36.68,7.76,3.33,14.94,5.0241,79.05,24.805,22.5,35.07
2009-08-31,100850,28,29.43,23.54,33.6493,50.58,16.52,37.9734,20.31,50.42,29.39,30.03,328.86,23.72,34.15,23.77,28.4,25.24,25.72,24.47,17.31,#N/A,#N/A,18.9378,25.55,43.05,266.82,25.65,#N/A,9.935,22.53,38.67,#N/A,11.91,45.5,29.95,#N/A,19.41,#N/A,18.93,40.89,#N/A,34.87,7.08,9.17,17.02,5.6863,86.37,26.505,23,37.15
2009-09-30,101000,25.04,28.09,24.73,33.9255,49.91,16.58,36.9514,21.37,49.23,30.62,36.33,329.82,26.5,34.25,24.37,27.39,25.91,25.99,24.14,20.9,#N/A,#N/A,19.3022,25.28,44.6,248.991,25.5,#N/A,9.58,21.44,37.46,#N/A,12.18,45.86,32.06,#N/A,20.85,#N/A,19.49,41.33,#N/A,38.06,7.11,10.58,15.73,6.1866,85.2,26.39,24.41,36.18
2009-10-30,99000,25.95,27.84,23.46,30.3253,45.23,16,28.1638,20.745,49.79,29.57,34.67,322.7,24.52,33.1,22.31,25.04,23.83,25.36,21.77,19.67,#N/A,#N/A,18.0444,24.72,46.1,240.292,24.6,#N/A,9.185,19.95,35.25,#N/A,10.68,42.27,29.93,#N/A,20.75,#N/A,19.6,42.07,#N/A,35.24,7.08,5.79,15.32,6.075,83.49,25,22.58,36.46
2009-11-30,100600,28.67,32.08,22.55,30.4679,49.85,16.77,23.791,23.015,52.39,28.41,38.12,339,24.46,35.42,22.4,25.39,22.91,25.52,22.75,19.88,#N/A,#N/A,19.3244,24.71,46.5,256.594,24.26,#N/A,8.925,19.04,36.97,#N/A,10.64,51.26,30.57,#N/A,22.6,#N/A,22.31,41.63,#N/A,37.32,6.51,4.47,15.6,6.7912,108.52,25.215,23.2,36.94
2009-12-31,99200,30.48,35.27,22.08,31.5016,49.76,17.99,25.1146,23.125,49.86,30.04,38.82,340,23.26,36.35,22.51,24.04,24.88,26.24,24,24.25,#N/A,#N/A,19.5333,24.64,47.65,265.283,24.95,#N/A,8.985,19.52,39.02,#N/A,10.04,49.72,29.48,#N/A,23.6,#N/A,22.05,44.43,#N/A,38.77,6.79,7.31,16.45,6.2766,119.44,26.625,23.46,39.26
2010-01-29,114600,33,33.77,21.56,31.4749,49.99,16.58,20.2977,24.215,50.67,29.93,38.24,325.01,23.99,35.77,22.55,23.05,24.58,26.39,23.49,20.63,#N/A,#N/A,19.9556,24.33,48.72,250.971,24.81,#N/A,8.8,19.57,39,#N/A,10.59,37.79,31.43,#N/A,22.02,#N/A,21.7,42.42,#N/A,36.29,7.09,6.43,15.47,5.6288,106.44,25.73,22.88,38.22
2010-02-26,119800,33.86,34.26,23.22,32.4284,52.41,17.15,20.7501,24.725,52.59,31.25,40.03,352.75,24.37,36.46,23.73,23.21,25.18,26.89,24.59,20.19,#N/A,#N/A,20.6667,25.74,47.53,266.484,25.87,#N/A,8.39,20.81,39.62,#N/A,11.29,52.43,30.52,#N/A,20.44,#N/A,24.16,42.15,#N/A,39.89,7.6,9.82,16.21,6.057,108.54,26.645,19.47,41.06
2010-03-31,121800,32.67,36.58,24.42,38.6218,60.5,19.09,28.5994,27.145,53.94,32.31,45.36,374.66,28.42,37.28,24.55,29.21,30.7,28.91,26.72,25.12,#N/A,#N/A,23.7822,26.09,52.52,285.098,28.45,#N/A,8.96,24.77,43.13,#N/A,12.68,54.29,34.38,#N/A,21.58,15,28.05,43.61,#N/A,41.98,8.11,15.64,16.6,7.1835,113.54,28.51,20.96,43.72
2010-04-30,115325,30.31,32.06,24.22,40.6179,63.56,20.09,32.5869,25.48,50.74,32.67,46.36,382.84,28.57,37.24,26.27,29.22,30.59,28.44,28.12,24.57,#N/A,#N/A,23.7956,27,51.63,291.333,29.43,#N/A,10.07,24.47,46.01,#N/A,15.01,62.45,36.43,#N/A,21.2,23.72,29.25,45.05,#N/A,44.22,9.32,14.19,16.71,8.9578,110.16,29,22.14,44.99
2010-05-31,105910,29.07,33.47,21.81,36.0821,57.71,19.59,29.6382,22.15,49.47,30.63,39.79,345.55,25.07,32.51,24.69,27.19,26.46,27.19,26.08,21.73,#N/A,#N/A,22.9022,27.26,46.97,286.373,27.9,#N/A,9.8,23.1,45.87,#N/A,13.86,54.65,34.7,14.45,18.7,23.7,26.69,43.5,#N/A,41.94,8.19,10.28,15.6,7.8637,104.28,27.56,19.39,43.21
2010-06-30,120000,28.4,31.06,22.55,33.6493,53.66,18.72,28.8508,21.335,49.25,28.73,36.13,340,22.13,33.31,24.38,23.44,24.29,25.87,25.56,19.9,#N/A,#N/A,22.0044,26.46,45.71,287.549,27.32,#N/A,9.57,21.7,45.5,#N/A,12.13,55.05,34.7,12.68,18.03,21.44,25.6,43.5,#N/A,38.99,8.03,7.24,14.86,6.3773,80.97,26.255,17.88,41.44
2010-07-30,117000,30.45,30.76,23.52,37.4811,57.29,19.64,32.2267,24.595,50.45,28.24,42.39,338,23.41,37.15,25.42,25.61,26.04,27.55,28.06,21.1,#N/A,#N/A,23.5867,27.01,47.98,294.333,29.47,#N/A,10.01,22.82,49.03,#N/A,12.51,68.17,37.29,14.75,19.75,23.37,27.79,43.83,#N/A,40.54,8.57,8.6,15.56,7.3311,78.28,27.745,14.66,43.13
2010-08-31,118675,31.72,32.22,23.72,33.549,50.6,19.8,28.4235,23.625,48.99,27.6,43.58,327.72,20.1675,35.14,24.85,23.05,23.37,26.67,26.02,19.93,#N/A,#N/A,21.9333,26.35,43.74,291.814,28.77,#N/A,9.52,20.05,52.5,#N/A,12.78,80.54,36.56,14.83,18.81,21.03,23.8,43.38,#N/A,35.98,7.77,6.33,14.86,6.1614,76.56,26.23,12.75,39.22
2010-09-30,124500,35.11,35.78,24.12,34.2641,54.18,20.87,32.7545,25.855,52.1,31.55,47.33,344.59,22.95,37.9,26.37,25.92,23.92,28.82,27.99,27.86,#N/A,#N/A,23.6178,27.07,48.29,297.088,30.58,#N/A,10.095,22.15,56.06,#N/A,13.85,79.48,40.7,14.94,19.95,20.34,24.39,47,#N/A,38.62,8.56,7.82,16.29,8.0149,75.97,28.31,14.18,40.87
2010-10-29,119300,36.05,35.16,24.98,35.9395,52.58,21.16,35.1922,27.945,55.2,30.49,51.69,335.02,23.95,39.4875,28.16,26.84,24.48,29.45,27.72,30.99,#N/A,#N/A,25.4578,27.52,50.07,294.588,30.58,#N/A,11.145,22.42,57.18,#N/A,13.2,82.32,39.54,14.04,19.93,21.12,24.3,45.25,#N/A,37.62,8.5,7.59,16.92,8.1804,78.44,28.71,13.19,42.48
2010-11-30,120200,36.52,36.81,25.08,33.9968,50.68,20.34,34.5891,25.75,53.99,29.11,51.84,353.49,22.26,37.41,28.08,27.24,23.88,30.145,25.82,32.9,#N/A,#N/A,25.5422,26.69,49.93,295.343,30.77,#N/A,11.435,21.49,62.96,#N/A,12.66,96.94,35.27,14.17,20.44,22.59,23.66,45.28,#N/A,35.95,8.77,7.09,16.5,8.2416,79.52,28.99,12.85,42.94
2010-12-31,120450,36.11,36.66,27.34,39.602,58.71,19.87,48.2689,28.215,55.71,31.88,57.55,378.13,26.49,38.91,29.08,32.56,27.81,31.69,27.05,31.88,#N/A,#N/A,26.5511,27.38,53.71,300.363,32.29,#N/A,11.97,24.22,65.47,#N/A,13.63,96.04,38.52,14.94,20.27,24.25,24.54,46.72,#N/A,40.94,9.82,8.07,18.15,9.5768,85.62,26.285,15.95,43.01
2011-01-31,122425,41.05,42.02,27.88,40.7872,61.51,19.81,40.35,28.79,56.26,31.14,61.65,402.5,27.78,40.05,29.68,32.77,28.84,32.04,26.87,32.65,#N/A,#N/A,27.6889,28.25,57.56,302.725,32.53,#N/A,12.38,24.94,66.42,#N/A,12.23,91.01,39.23,15.51,21.23,24.2,26.91,47.3,#N/A,41.43,10.1,7.18,17.78,10.0375,83.38,26.935,15.64,42.45
2011-02-28,131300,42.58,42.07,30.44,42.2042,65.83,20.83,37.06,29.43,59.93,31.78,63.32,415.65,29.6,43.25,31.4,34.26,31.72,34.05,29.44,35.37,#N/A,#N/A,29,29.95,60.39,334.069,34.63,#N/A,13.07,26.53,69.84,#N/A,12.5,96.59,40.63,15.76,21.47,25.76,29.29,46.47,#N/A,44.47,10.03,7.06,18.18,11.2107,81.27,28.705,15.94,41.14
2011-03-31,125300,45.2,44.28,29.81,39.8605,61.58,21.13,35.14,26.39,59.48,31.78,61.08,414.45,26.93,43.09,30.41,32.11,30.04,32.79,29.55,32.1,#N/A,#N/A,29.5467,32.21,62.78,330.98,35.02,#N/A,12.9,26.25,71.11,#N/A,12.69,97,38.51,16.5,22.97,25.51,30.88,45.25,#N/A,45.68,10.54,6.81,17.3,13.1973,79.17,28.825,15.45,39.13
2011-04-29,124750,49.23,46.83,30.28,41.6962,63.42,21.94,31.15,28.095,63.28,33.84,62.06,417.28,28.97,44.26,29.78,33.75,31.23,31.68,31.04,34.7,#N/A,#N/A,29.7422,32.61,63.3,329,35.77,#N/A,12.925,26.48,72.43,#N/A,12.67,101.72,39.7,15.6,23.89,23.12,30.24,42.22,#N/A,47.4,10.95,5.93,17.64,13.0282,79.1,29.62,13.55,39.74
2011-05-31,118775,48.95,49.89,30.67,39.2991,63.78,21.65,28.5,23.895,62.08,31.38,61.23,413.67,26.65,42.02,28.71,31.27,29.35,30.42,30.54,29.66,#N/A,#N/A,29.4667,33.11,63.53,333.17,35.56,#N/A,13.195,26.31,71.22,#N/A,12.43,90.29,36.99,16.08,23.63,21.47,29.83,41.06,#N/A,47.32,10.55,4.98,16.57,12.3768,80.4,30.125,12.84,41.67
2011-06-30,116105,51.58,51.43,31.19,39.0941,63.59,21.38,29.32,23.34,58.38,30.53,57.68,396.81,26.37,42.09,28.54,30.42,28.49,29.18,29.05,33.07,#N/A,#N/A,28.5067,32.44,60.86,333.11,35.69,#N/A,12.83,25.48,70.72,#N/A,11.75,96.15,36.27,15.65,22.5,21.97,29.67,37.71,#N/A,46.48,10.35,4.23,16.27,12.5531,77.5,30.96,12.41,39.49
2011-07-29,111500,49.63,49.77,29.49,36.7237,58.68,19.68,28.7,23.03,55.13,27.72,54.1,400.42,23.42,39.87,28.12,27.63,26.5,27.33,27.54,31.97,#N/A,#N/A,26.9267,30.79,58.21,329.41,33.98,#N/A,10.905,24.39,73.7,#N/A,10.44,90.14,35.62,15.99,21.56,21.62,28.17,36.21,#N/A,44.85,10,3.17,16.39,10.7213,74.94,31.575,13.54,37.14
2011-08-31,109769,47.52,46.74,29.72,29.9421,50.21,19.18,25.33,18.86,50.46,26.23,45.7,393.98,19.14,37.62,28.21,25.36,20.75,27.92,24.41,28.11,#N/A,#N/A,25.4733,30.89,53.37,298.96,33.28,#N/A,10.505,23.54,73.53,#N/A,9.94,73.31,35.17,15.25,21.34,20.83,25.64,35.52,#N/A,40.49,8.97,3.33,15.21,9.9187,74.96,31.61,11.29,39.51
2011-09-30,106800,46.12,41.94,26.55,24.9607,46.86,17.76,21.95,17.475,48.73,23.69,39.36,357.13,16.14,34.55,26.3,22.67,15.63,26.33,22.47,23.85,#N/A,#N/A,23.24,29.69,45.95,288.5,31.07,#N/A,8.9,20.96,71.18,#N/A,8.92,62.45,35.8,12.8,19.19,21.56,23.96,35.5,#N/A,39.56,8.57,2.19,13.05,7.7054,69.25,31.79,8.78,38.35
2011-10-31,116950,47.99,44.34,30.62,31.3323,54.2,19.01,24.69,22.545,58.35,26.34,46.68,386.5,19.25,39.7,30.9,25.78,19.05,28.94,26.6,30.06,#N/A,#N/A,27.2867,34.81,52.23,317.32,35.83,#N/A,11.04,23.84,78.95,#N/A,8.84,75.71,38.54,12,20.61,22.63,26.89,38.16,#N/A,44.63,10.09,2.35,16.03,9.8143,71.46,35.17,9.77,43.3
2011-11-30,118500,48.77,44.23,30.19,28.0529,50.64,18.86,23.31,21.72,56.25,26.79,45.91,401.4,17.76,38.43,30.98,24.13,20.18,29.65,26.16,28.76,#N/A,#N/A,28.3933,34.11,51.5,288,36,#N/A,10.43,22.51,73.79,#N/A,8.22,78,39.24,11.6,21.47,22.96,27.55,36.08,#N/A,46.27,10.66,2.16,16.48,10.2858,71.7,35.435,9.8,44.98
2011-12-30,114755,50.68,42,31.62,27.7856,50.12,19.51,23.2,21.63,59.17,27.41,49.64,414.67,16.25,37.65,33.44,24.6,19.42,30.46,26.75,30.48,#N/A,#N/A,28.9267,34.39,52.25,285.29,36.89,#N/A,11.315,21.07,78.16,#N/A,9.27,88.4,41.06,12.67,21.46,23.24,29.21,34.95,#N/A,47.92,11.31,2.34,17.73,10.8184,73.03,36.43,11.02,45.62
2012-01-31,117925,51.79,44.83,31.59,31.4838,57.24,20.28,25.11,24.115,58.3,28.85,53.55,403.07,17.52,37.31,33.34,27.31,21.54,32.68,27.53,30.43,#N/A,#N/A,30.4467,34.27,54.49,289.35,36.67,#N/A,11.39,22.83,76.67,#N/A,9.88,96.72,39.6,14.82,21.38,24.5,29.77,36.36,#N/A,51.15,11.72,2.75,17.97,11.3223,72.85,35.66,11.23,43.7
2012-02-29,117934,55.75,44.11,31.2,34.3533,61.16,21.42,29.22,23.625,57.97,31.43,55.76,407.95,20.71,39.14,34.12,27.66,24.84,35.17,28.21,30.69,#N/A,#N/A,32.2933,35.75,57.67,324.64,37.45,#N/A,11.815,23.05,76.11,#N/A,10.86,104.14,42.47,15.4,21.7,25.02,28.62,40.82,#N/A,54.06,11.79,3.79,17.18,12.5099,72.1,35.03,11.84,42.88
2012-03-30,121900,58.94,49.25,32.79,33.2839,63.39,23.18,30.83,22.995,59.2,32.92,57.13,448.94,21.08,39.87,35.74,29.51,26.36,34.51,29.33,34.65,#N/A,#N/A,33.2333,36.12,59.47,329.1,38.58,#N/A,11.89,24.48,77.94,#N/A,10.55,105.51,40.5,16.63,22.39,25.21,30.28,41.12,#N/A,57.72,12.08,4.35,17.61,11.8585,72.52,35.82,13.47,43.74
2012-04-30,120800,56.15,46.23,33.45,32.1076,60.54,21.3,34.03,22.52,64.32,33.33,54.21,440.28,20.55,41.13,37.56,27.67,24.77,35.65,30.62,30.87,#N/A,#N/A,32.4733,37.66,58.14,342.9,38.92,#N/A,13.485,23.74,76.9,#N/A,9.95,100.44,40.34,16.75,22.94,26.23,29.99,40.36,#N/A,53.54,11.35,3.12,17.49,10.6529,70.2,34.44,13.47,45.19
2012-05-31,118850,55.77,43.91,31.98,26.0301,46.45,21.73,29.18,20.04,62.49,33.94,47.92,438.49,16.82,38.89,34.74,24.56,20.67,36.08,28.45,28.21,#N/A,#N/A,31.1067,38.32,50.17,329,38.89,#N/A,12.8,19.95,71.87,#N/A,9.87,84.12,33.38,15.76,22.47,24.07,29.29,39.01,#N/A,52.7,10.62,2.48,16.9,8.8894,68.32,33.32,13.49,43.6
2012-06-29,124945,58.5,44,32.23,27.4915,48.43,20.83,32.09,21.295,63.84,35.09,52.26,441.7,17.63,40.91,35.07,26.23,21.87,38.07,27.72,25.94,#N/A,#N/A,33.7,38.92,53.21,339.75,39.23,#N/A,13.635,19.13,71.61,#N/A,8.29,89.97,34.84,16.96,21.61,26.73,30.75,39.13,#N/A,51.72,10.87,3.29,17.41,8.9902,71.27,34.1,14.52,41.67
2012-07-31,127445,51.09,40.28,33.21,27.4202,48.28,19.74,31.27,21.89,62.65,34.3,51.72,432.06,16.45,39.59,35.48,25.59,20.05,37.84,26.11,27.83,#N/A,#N/A,33.1667,36.63,55.67,345.81,37.71,#N/A,12.62,18.89,71.29,#N/A,8.06,93.4,36.21,18.32,22.39,27.37,32.72,35.07,#N/A,49.41,10.88,2.8,17.26,10.0771,70.43,32.205,14.49,36.22
2012-08-31,126559.9,54.3,45.77,34.17,30.4144,54.51,19.53,34.33,23.09,64.74,37.28,54.91,434.9,17.93,40.65,35.72,27.44,23.22,38.66,26.12,30.59,#N/A,#N/A,34.12,37.38,58.74,337.15,37.56,#N/A,13.12,19.51,63.77,#N/A,8.63,93.05,35.25,19.27,21.55,29.16,30.6,35.69,#N/A,47.27,10.95,3.36,17.93,10.1994,70.69,31.68,14.74,38.29
2012-09-28,132700,55.41,47.17,33.93,30.7085,54.51,20.74,32.79,23.94,68.26,39.61,56.69,458.49,19.44,41.26,35.82,26.94,24.19,37.87,26.8,28.3,#N/A,#N/A,34.2333,37.49,57.87,344.94,37.9,#N/A,13.035,19.22,64.27,#N/A,9.3,106.36,37.3,21.67,22.04,28.64,30.71,37.26,#N/A,47.28,11.21,4.34,18.9998,10.7861,71.83,33.33,14.74,38.65
2012-10-31,129505,56,51,34.03,31.6264,57.05,22.3,34.93,24.89,70.94,39.98,58.37,471.94,21.71,42.28,35.44,27.54,24.79,39.84,29.38,33.75,#N/A,#N/A,33.7267,38.89,52.92,347.6,38.8,#N/A,12.775,20.28,62.22,#N/A,9.88,115.54,37.81,22.75,21.73,28.26,31,36.11,#N/A,50.6,10.73,4.69,18.49,11.2575,73.06,34.09,14.15,40.53
2012-11-30,131916,54.39,52.27,35.22,29.5768,52.12,21.25,33.13,26.495,70.82,40.48,60.67,479,21.18,40.88,36.52,27.15,24.7,40.52,28.23,36.26,#N/A,#N/A,34.66,39.75,51.2,351,39.65,#N/A,13.42,20.39,71.28,#N/A,10.49,120.01,34.21,23.8,20.72,28.63,29.61,36.55,#N/A,50.57,10.8,4.38,18.68,11.4339,68.99,32.22,13.23,41.62
2012-12-31,134060,54.24,53.46,34.47,29.354,53.33,21.1,35.3,26.56,71.82,40.17,62.63,433.42,22.44,40.75,34.65,28.52,25.9,39.16,28.01,37.54,#N/A,#N/A,34.4467,37.74,53.52,335.42,39.52,#N/A,12.73,20.82,69.22,#N/A,10.65,126.81,34.7,24.09,21.24,30.01,29.5,38.74,#N/A,52.46,10.62,6.11,19.27,12.8914,68.29,32.33,14.54,39.69
2013-01-31,145875,55.21,58.34,35.48,33.275,57.88,22.49,37.83,26.53,78.46,43.9,66.32,476.13,24.8,43.37,36.95,31.01,28.98,42.44,31.15,39.42,#N/A,#N/A,37.14,41.17,57.39,360.59,42.56,#N/A,13.67,23.31,71.34,#N/A,11.4,134.46,38.24,23.89,23.32,32.88,33.31,41.56,#N/A,57.04,11.59,6.43,20.51,14.2878,77.21,34.505,14.5,39.6
2013-02-28,152600,53.45,58.46,37.14,31.5818,55.57,24.36,38.01,24.975,80.42,46.02,68.63,483.45,23.61,43.11,38.48,31.61,29.54,45.01,31.54,38.41,#N/A,#N/A,37.46,41.5,57.5,377.87,43.96,#N/A,15,24.47,73.2,#N/A,12.01,150.71,41.99,24.29,24.16,31.47,31.64,42.68,#N/A,56.29,11.36,8.81,22.24,15.5619,80.37,34.47,15.3,38.87
2013-03-29,156280,57.21,62.37,37.97,33.881,58.99,25.27,38.82,26.01,84.19,49.07,73.65,503.5,25.8,44.07,41.31,34.03,32.61,47.22,32.69,41.7,#N/A,#N/A,39.8667,44.37,59.67,395.92,47.38,#N/A,16.02,28.25,75.53,#N/A,12.71,173.54,45.01,25.57,24.99,32.78,32.61,49.68,#N/A,57.09,12.1,10.71,24.01,16.314,86.87,35.925,16.3,37.93
2013-04-30,159000,59.93,66.17,38.01,34.7454,60.42,25.29,41.42,27.22,85.41,49.26,74.53,536.25,28.09,44.67,42.45,36.1,34.01,48.91,33.71,46.04,#N/A,#N/A,41.38,43.42,62.55,393.74,48.27,#N/A,15.495,27.89,79.57,#N/A,13.5,160.7,47.54,26.77,24.95,33.96,31.86,50.43,#N/A,54.635,11.39,11.95,23.43,15.1912,94.03,35.925,16,45.71
2013-05-31,171300,62.63,67.9,40.02,39.3971,68.97,25.49,44.46,27.845,83.72,48.24,81.52,522.89,30.63,45.82,43.68,37.85,35.66,47.34,34.17,46.77,#N/A,#N/A,43.0067,40.97,65.89,390,48.56,#N/A,16.135,28.48,75.91,28.53,13.61,172.4,49.74,23.88,25.86,35.22,34.14,50.23,#N/A,52.79,11.5,12.87,23.7,14.7305,99.88,37.54,17.16,44.78
2013-06-28,168600,65.48,72.49,39.92,40.7783,73.03,25.42,44.7,29.06,79.92,48.12,80.88,526.95,30.92,44.4,43.69,37.45,36.47,45.92,32.62,46.16,#N/A,#N/A,43.4267,40.86,69.11,383.31,48.91,#N/A,16.12,29.37,79.69,27.06,12.87,161.9,50.91,22.04,25.91,37.44,34.25,48.93,#N/A,51.5,12.08,11.62,23.02,13.8344,99.47,38.205,17.7,43.96
2013-07-31,173900,72.85,77.83,41.87,43.1488,78.97,26.01,45.51,30.84,83.55,50.98,89,530,30.86,45.55,44.38,43.36,41.67,49.01,35.51,49.04,#N/A,#N/A,47.3867,42.37,68.09,403.88,51.69,#N/A,16.495,31.64,80.37,31.12,14.45,166.32,54.16,22.73,28.04,41.04,34.95,53.83,#N/A,54.06,12.64,14.05,24.45,14.1691,112.5,41.27,19.65,44.2
2013-08-30,167050,71.74,78.69,41.23,41.1615,74.88,25.07,46.46,28.895,79.9,47.92,86.15,510.7,29.6,44.46,41.34,40.92,42.04,45.68,35.28,47.56,#N/A,#N/A,45.9267,41.12,64.81,387.09,51.53,#N/A,15.57,29.53,73.76,28.8,14.2,163.6,53.04,20.9,26.7,37.13,33.95,53.27,#N/A,54.65,12.07,13.55,22.93,15.1948,104.97,39.045,19.38,43.88
2013-09-30,170410,71.61,76.86,43.55,41.8388,77.98,27.23,48.63,30.995,84.77,50.55,91.08,517.77,31.12,46.74,43.65,42.82,41.99,47.16,38.18,48.47,#N/A,#N/A,48.2333,42.86,66.99,409.65,54.06,#N/A,16.05,30.44,72.47,29.21,15.4,184.13,54.1,24.35,27.97,40.34,33.6,55.32,#N/A,55.98,12.13,13.93,24.5,16.3212,98.04,43.71,19.94,48.31
2013-10-31,172994.8,68.26,76.98,45.8,42.1596,81.39,25.97,51.65,32.49,86.3,53.06,100.54,529.67,33.7,48.31,47.45,47.46,45.41,50.05,40.59,46.99,#N/A,#N/A,48.5733,43.91,71.18,405.42,56.26,#N/A,15.965,31.74,71.82,31.02,16.79,201.93,58.48,25.86,29.78,42.95,37.02,58.54,#N/A,55.25,12.51,14.57,26.27,18.2215,101.07,47.24,22.1,46.56
2013-11-29,174750,74.48,87.45,47.45,46.5083,88.76,27.93,49.75,33.185,90.74,54.27,108.25,557.28,35.63,47.35,46.54,50.63,51.33,52.41,41.52,50.35,#N/A,#N/A,50.6667,43.79,74.98,394.1,57.66,#N/A,15.81,33.57,72.99,34.94,17.2,231.73,64.94,26.46,29.67,43.03,37.52,60.31,#N/A,56.13,12.71,14.26,28.19,18.6821,115.55,50.445,23.91,48.07
2013-12-31,177900,75.3,87.48,48.36,48.05,92.22,27.27,51.05,33.4,90.54,54.54,115.05,580.35,36.23,48.24,46.93,49.31,51.62,52.37,42.89,47.02,#N/A,#N/A,52.1,43.39,77.41,399.96,57.72,#N/A,15.695,35.08,73.12,35.15,17.27,237.84,66.37,28.2,30.55,42.91,40.88,59.71,#N/A,57.45,12.62,14.12,27.06,19.6215,114.54,48.69,25.42,49.71
2014-01-31,169511.91,72.28,86.31,45.71,43.7102,84.39,23.24,47.96,31.39,81.28,51.2,105.64,539.14,33.25,44.59,46.23,43.57,48.03,48.45,39.28,45.11,25.6452,#N/A,50.1,38.76,74.67,372.33,54.92,#N/A,15.745,32.2,70.17,33.77,15.62,222.73,65.35,25.92,32.04,42.13,36.75,55.53,#N/A,57.44,11.84,14.88,23.52,20.9567,104,41.66,23.57,45.83
2014-02-28,173708,77.27,79.59,48.16,45.1538,84.58,24.49,49.77,32.04,83.84,54.26,108.99,578,35.19,43.48,46.2,45.35,50.13,46.88,41.49,48.43,26.129,#N/A,51.6733,41.24,76.99,385.5,57.16,#N/A,15.05,34.78,72.58,35.87,15.56,232.94,65.63,26.94,33.96,44.82,38.78,58.84,#N/A,57.71,12.19,15.55,23.04,25.8441,113.49,43.13,23.93,45.3
2014-03-31,187350.05,81.99,83.73,49.3,47.0519,84.65,24.22,50.01,31.52,85.1,56.58,110.07,596.1,35.27,44.05,47.58,45.99,50.67,48.66,42.72,46.8,27.9032,#N/A,52.4667,41.62,79.63,407.38,57.71,#N/A,15.38,35.31,69.76,36.27,16.4,232.12,64.96,26.55,34.31,47.11,39.17,61.44,#N/A,59.22,13.4,15.03,23.32,25.9376,113.05,44.24,24.96,45.08
2014-04-30,193275,75.04,80.04,49.31,46.6509,80.68,24.25,53.13,31.36,90.58,56.95,111.63,625.92,35.87,43.97,45.02,46.84,48.51,48.72,40.95,43.78,24.15,#N/A,53.1333,44.24,76.71,407.98,58.43,#N/A,14.89,33.22,71.65,35.39,16.56,250.11,67.41,26.6,35.42,45.89,39.41,58.45,#N/A,62.99,12.44,13.98,22.94,27.0137,112.41,43.06,23.36,47.86
2014-05-30,192000,79.63,89.78,50.27,45.3855,82.16,25.03,54.07,30.615,93.45,58.26,112.61,640.22,34.65,43.13,45.83,46.77,47.96,49.02,40.18,44.31,23.56,#N/A,53.9533,44.57,78.16,421.12,58.38,#N/A,15.095,33.91,75.73,35.8,17.1,276.1,67.81,28.02,33.88,45.04,34.95,60.05,#N/A,64.93,12.24,14.42,23.77,31.1417,114.5,44.6,23.5,47.15
2014-06-30,189900.5,81.75,91.97,51.82,49.5115,88.77,25.36,54.58,31.125,94.07,58.72,120,655.64,35.81,44.01,46.6,50.48,51.44,48.04,40.42,52.01,23.91,#N/A,54.6133,46.31,78.9,438.12,59.56,#N/A,15.355,34.76,75.26,36.34,16.54,290.76,65.55,27.79,35.1,47.85,36.86,63.15,#N/A,64,12.82,14.81,24.72,31.4692,114.2,45.78,24.57,47.04
2014-07-31,188124,81.05,90.04,50.77,46.8737,86.97,23.44,51.98,29.87,89.56,58.45,119.6,632.11,34.16,42.13,45,49.68,52.39,46.02,37.37,48.81,22.96,#N/A,52.74,44.61,80.26,413.85,55.99,#N/A,15.39,34.33,73.22,37.1,14.39,263.16,63.36,27.14,31.51,46.08,34.61,57.81,#N/A,66.13,12.3,12.66,22.29,31.4116,109,42.74,20.87,49.22
2014-08-29,205880,86.68,94.6,53.1,48.7807,89.7,25.02,56.06,30.62,94.71,61.49,125.76,659.8,37.05,43.74,47.23,54.29,55.04,48.09,38.77,52.4,24.6,#N/A,54.55,48.35,82.98,431.13,59.97,#N/A,16.31,36.27,76.51,39.09,15.35,277.81,66.75,28.35,31.31,50.33,36.35,63.45,#N/A,67.865,12.36,14.56,23.97,34.8234,113.84,44.7,21.17,51.23
2014-09-30,206900,86.25,90.69,52.34,47.8718,87.94,25.28,54.02,29.125,93.94,61.37,123.38,636.15,37.25,41.66,45.36,52.47,53.58,47.05,38.03,46.45,23.14,#N/A,52.37,47.8,80.13,418.15,57.89,#N/A,16.075,34.38,75.81,39.1,14.28,261.89,64.3,27.12,27.81,48.22,34.15,61.42,#N/A,72.19,11.99,14.26,22.14,33.6286,112.4,43.29,20.14,48.81
2014-10-31,210000,95.01,99.57,54.37,48.3352,88.54,26.41,53.57,29.865,100.8,64.85,126.17,690.89,39.58,43.6,47.7,52.37,54.76,50.47,39.08,55.91,22.7,#N/A,52.96,51.54,84.25,444.28,59.83,#N/A,15.93,33.46,84.87,39.25,14.77,271.12,68.22,30.32,28.18,51.15,36.85,66.94,#N/A,74.01,12.79,16.85,25.82,25.7037,114.08,49.59,23.03,53.12
2014-11-28,223065,98.63,102.89,56.59,49.556,84.98,27.24,54.8,29.865,104.45,68.15,131.77,696.78,41.3,41.64,47.95,53.27,56.63,50.95,38.72,56.98,23.78,#N/A,53.75,52.24,85.72,456.54,60.39,#N/A,16.1,33.22,87.23,41.88,15.13,278.2,67.59,32.01,24.52,52.43,35.26,71.28,#N/A,80.38,12.59,17.05,26.77,23.0765,114.78,45.93,21.89,55.16
2014-12-31,226000,101.09,102.91,57.24,48.2015,90.46,26.99,56.01,30.545,105.85,70.25,132.25,682.84,41.69,42.02,47.08,51.94,57.67,51.83,38.71,66.58,23.62,#N/A,54.17,51.26,87.62,463.5,60.72,#N/A,16.455,34.88,90.77,42.38,14.63,284.26,68.43,33.9,23.5,54.26,36.11,71.32,#N/A,72.53,13.32,16.72,27.17,20.1613,114.26,49.4,22.51,56.67
2015-01-30,215865,106.25,106.83,53.77,41.4378,75.88,25.95,48.87,28.54,102.82,69.79,124.94,683.36,38.9,38.26,44.43,46.93,49.98,50.51,38.96,62.1,18.71,#N/A,50.07,48.99,82.81,442.09,58.04,#N/A,15.425,31.06,86.66,39.01,14.04,286.11,63.51,34.02,22.61,49.64,34.91,69,#N/A,64.08,12,15.76,25.82,19.0528,104.04,46.91,19.85,57.15
2015-02-27,221180,113.63,121.63,56.89,45.2964,80.85,26.65,55.33,31.125,107.44,70.6,133.63,745.44,40.96,41.01,46.99,51.17,57.64,52.76,41.83,67.11,20.78,#N/A,53.25,49.91,89.31,472.54,63,#N/A,16.07,33.56,86.91,44.19,15.16,326.82,61.27,35.03,22.3,52.74,36.8,70.24,#N/A,70.22,12.83,15.81,27.23,24.1993,104.75,48.39,22.39,54.53
2015-03-31,217500,118.29,129.44,56.09,45.0469,80.31,27.2,54.79,32.005,108.13,71.17,130.84,768.96,41.82,40.83,46.75,51.37,57.46,53.28,41.43,69.01,20.98,#N/A,54.92,50.51,93.19,487,64.15,#N/A,16.555,33.73,87.26,43.11,14.94,330.4,61.41,35.68,21.34,50.9,38.96,72.58,#N/A,66.3,13.14,16.79,29.05,25.5597,98.39,52.41,23.22,57.75
2015-04-30,213400,111.4,124.64,56.16,45.7063,81.6,26.66,56.29,31.52,101.11,69.66,125.28,740.64,40.77,41.64,47.83,51.12,56.49,50.64,40.3,68.11,21.89,#N/A,56.11,48.99,91.62,473.52,63.2,#N/A,15.975,34.16,82.75,42.34,15.29,322.04,61.46,34.79,22.29,46.22,37.67,68.57,#N/A,62.31,13.27,17.86,26.94,19.4991,100.06,49.66,24.21,54.94
2015-05-29,214800,120.21,140.83,58.23,46.5707,84.61,27.34,58.61,31.11,101.12,67.32,124.59,772.76,41.11,40.12,48.45,51.69,57.01,50.58,38.66,71.04,22.67,#N/A,57.07,49,93.55,475.35,63.5,#N/A,16.195,34.96,81.33,45.31,15.46,329,65.85,35.71,20.94,44.23,35.79,71.18,#N/A,65.4,13.49,17.92,27.11,21.5865,103.21,48.67,24.19,55.68
2015-06-30,204850,122,162,56.7,49.8946,87.52,27.83,61.82,31.1,96.66,64.87,124.93,800.68,41.57,38.51,47.3,51.29,59.22,50.18,38.21,66.21,22.43,#N/A,58.22,51.93,94.87,468.76,65.04,#N/A,16.43,35.75,82.07,46.47,15.63,326.91,67,37.21,19.53,45.69,38.55,74.03,#N/A,66.87,14.32,18.76,28.05,19.024,102.32,51.39,25.76,55.65
2015-07-31,214000,121.4,144.06,57.94,49.6719,88.36,30.5,64.12,32.025,106.12,68.95,125.67,889.75,47.55,38.11,47.43,55.51,56.32,55.21,39.62,64.51,22.77,#N/A,61.61,55.72,96.52,486.13,68.95,#N/A,16.725,35.84,86.31,46.95,16.73,359.37,74.6,40.58,19.51,45.23,38.72,80.85,#N/A,72.03,13.79,18.46,30.81,21.0611,106.95,55.23,25.27,56.45
2015-08-31,202531,115.7,140.79,53.73,44.6459,80.7,29.96,60.34,29.3,99.55,58.28,112.67,823.75,45.95,36.45,43.72,50.35,50.79,52.33,35.98,61,21.86,#N/A,58.46,54.28,90.88,469.79,69.06,#N/A,16.03,33.54,81.97,43.08,15.71,374.56,74.35,38.86,17.91,42.49,35.42,78.9,#N/A,66.2,12.56,17.98,30.32,19.4271,99.29,52.11,23.76,50.86
2015-09-30,195240,116.01,135.02,52.22,42.017,76.21,30.64,56.82,29.065,99.53,58.24,109.13,801.86,45.78,36.14,41.28,47.34,47.46,53.8,34.93,59.32,20.38,#N/A,56.4,54.37,90.59,468.11,68.91,#N/A,15.485,32.08,82.94,38.77,15.64,393.47,79.01,39.07,17.2,45.07,35.37,77.7,#N/A,63.47,12.95,15.91,31.06,16.3176,97.64,53.53,23.77,50.51
2015-10-30,204596,117.78,134.04,55.74,44.8954,82.5,33.13,63.06,31.875,112.89,61.88,115.36,868,46.26,36.46,43.73,50.16,53.51,60.23,36.56,59.01,19.92,#N/A,58.01,55.83,90.24,496.27,72.19,#N/A,16.135,34.65,87.46,40.57,18.04,406.31,81.53,38.13,18.86,47.63,35.72,84.25,#N/A,63.04,13.47,14.47,36.49,19.4847,103.28,60.85,24.93,54.01
2015-11-30,201360,112.71,134.98,55.3,45.5281,86.55,30.82,63.58,32.62,114.57,62.76,112.95,905.17,45.64,37.89,43.75,51.46,54.99,61.11,36.74,57.3,19.96,#N/A,60.62,55.66,91.88,509.36,74,#N/A,16.23,36.68,96.33,40.7,18.96,405.4,85.52,39.44,17.42,51.24,41.11,84.6,#N/A,62.42,14.52,14.25,34.51,19.5423,107.36,60.7,26.9,51.75
2015-12-31,197800,117.64,146.33,55.45,42.9616,81.41,31.8,61.97,29.95,112.86,62.09,106.42,883.35,43.46,38.4,40.94,44.98,50.26,59.17,35.15,53.97,18.64,#N/A,57.16,54.75,85.55,477.93,72.08,#N/A,16.05,33.29,95.64,36.91,18.63,389.5,80.54,35.9,18.32,47.23,37.25,81.34,#N/A,58.65,13.34,13.39,33.58,17.2894,102.27,61.75,23.99,46.57
2016-01-29,194360.05,115.16,133.6,53.33,39.7892,70.08,31.25,56.48,28.98,107.04,60.6,90.65,840.46,40.18,37.01,37.64,38,39.46,57.63,33.23,44.18,15.85,#N/A,54.34,50.15,84.23,477.92,70.98,#N/A,15.125,28.64,96.11,30.58,18.08,366.65,81.31,34.37,16.88,45.01,34.56,81.49,#N/A,57.41,12.05,10.06,31.31,15.4179,97.18,59.3,20.88,46.43
2016-02-29,202555,119.1,139.61,57.05,35.2533,66.09,31.92,50.2,29.76,107.52,63.46,83.95,856.71,42.12,36.35,39.85,37.81,36.53,63.14,28.97,46.26,17.58,#N/A,51.22,51.5,90.1,463.98,67.08,#N/A,16.155,28.53,94.01,29.36,17.8,342.81,71.1,37.03,18.21,42.19,26.88,82.95,#N/A,59.2,12.28,10.8,33.58,11.4015,101.67,62.77,19.92,52.58
2016-03-31,213450,128.9,137.24,60.79,39.1565,72.22,35.14,54.05,31.57,116.71,67.37,94.01,891.57,46.08,38.26,44.48,39.45,39.2,65.36,32.18,51.1,18.72,#N/A,54.16,56.2,96.25,496.2,70.37,#N/A,17.9,30.92,92.99,29.77,18.28,357.31,77.15,38.11,19.46,44.53,29.57,90.22,#N/A,64.61,13.01,12.4,36.61,13.1794,115.5,66.86,21.31,55.5
2016-04-29,219000,131.68,138.54,63.15,40.1902,77.64,32.6,55.82,34.485,109.9,65.05,95.9,899.11,44.38,39.68,46.04,42.68,43.45,66.01,31.6,52.95,17.81,#N/A,57.89,56,95.22,521.28,69.11,#N/A,17.555,34.21,94.39,32.47,18.49,352,84.57,36.02,20.06,49.56,30.96,85.76,#N/A,65.55,13.22,12.79,34.71,14.0431,116.12,62.18,23.49,52.9
2016-05-31,211695,133.67,128.11,66.07,40.5912,79.25,33.3,57.88,34.73,114.14,67.51,101.67,953,45.17,40.48,48.33,44.56,45.85,69.1,32.86,53.66,17.94,#N/A,61.63,57.03,99.14,544.83,73.28,#N/A,18.03,36.92,97.9,32.86,19.16,376.66,87.39,38.24,22.87,56.11,32.31,86.68,#N/A,67.85,13.39,12.41,37.15,12.9994,119.51,66.11,23.89,52.57
2016-06-30,216975,141.2,127.99,68.46,35.4939,71.34,33.5,52.89,36.08,119.04,69.95,89.85,952.78,44.38,41.09,47.6,41.11,38.77,74.89,31.42,49.03,17.07,#N/A,61.82,59.92,96.99,549.58,73.93,#N/A,18.735,31.79,99.34,24.76,19.29,374.55,86.31,40.22,24,57.24,30.98,84.62,#N/A,68.66,12.54,10.42,38.21,13.3665,113.15,68.78,22.69,53.16
2016-07-29,216000,143.2,128.96,65.75,38.0871,75.29,32.51,54.44,36.14,116.22,68.33,95.84,948.75,39.85,41.33,49.19,46.63,43.67,74.7,31.83,58.26,18.04,#N/A,61.87,58.19,99.25,543.5,73.1,#N/A,18.33,33.41,97.69,25.63,19.38,395.51,83.01,41.81,24.05,51.51,34.27,82.34,#N/A,70.49,11.95,12.9,39.16,16.7063,114.35,68.17,23.82,55.37
2016-08-31,225760,136.05,128.26,67.63,38.6753,79.38,32.56,59.83,37.09,118.71,68.96,101.08,931.11,41.07,41.86,49.41,49.07,48.03,77.11,33.31,58.95,20.04,#N/A,64.68,59.37,107.32,536.2,75.15,#N/A,18.735,35.61,102.03,29.24,19.23,343.71,89.55,43.09,23.57,56.93,37.45,78.2,#N/A,69.23,12.49,13.71,39.9,17.5773,116.82,70.98,24.9,54.3
2016-09-30,216220,140,130.32,67.25,39.5931,81.65,31.5,59.34,35.935,114.55,69.18,99.77,928.77,42.82,41.15,50.87,51.51,46.98,75.42,34.41,53.35,19.47,#N/A,63.89,57.76,107.94,525.02,75,#N/A,18.855,35.31,102.07,28.82,17.62,324.23,92.25,39.28,25.44,53.03,39.32,75.42,#N/A,68.08,12.3,13.55,39.86,17.4045,121.96,68.36,23.2,54.85
2016-10-31,215700,141.33,118.83,63.39,41.8477,84.79,31.51,61.7,34.435,108.18,67.9,88.39,877.43,44.11,43.03,48.23,54.6,49.09,70.78,36.57,49.94,18.07,#N/A,63.41,57.1,107.86,516.21,74.5,#N/A,18.43,35.4,102.39,30.55,16.86,322.39,80.52,39.06,26.21,54.7,37.55,76.19,#N/A,71.15,13.07,13.59,36.95,15.3675,117.16,55.74,23.5,54.47
2016-11-30,237000,158.32,134.74,69.31,49.0213,100.6,33.3,63.33,35.69,113.35,69.92,114.21,898.34,47.12,44.65,50.35,57.69,64.1,76.74,38.27,57.79,19.42,#N/A,70.09,61.79,122.05,567.95,82.23,#N/A,21.675,42.27,107.17,38.87,17.87,341.46,86.34,37.74,27.82,70.7,40.95,86.59,#N/A,81.45,15.28,14.56,41.1,20.003,120.5,60.04,28.55,58.4
2016-12-30,244121,160.04,133.39,67.59,48.0233,104.06,35.5,65.31,34.8,122.42,74.12,110.94,904.5,47.65,46.83,51.96,57.86,66.27,75.75,41.5,64.39,19.02,#N/A,73.76,66.51,125.83,608.12,88.12,47.99,22.43,43.93,112.45,39.22,19,369.59,92.86,36.63,28.77,69.15,44.3,91.01,#N/A,85.3,16.03,17.98,43.05,19.9814,124.61,63.13,31.05,60.21
2017-01-31,245980.34,162.1,146.22,68.02,48.4867,105.11,37.44,64.26,34.995,117.78,75.21,112.27,925,48.71,46.58,53.83,57.09,67.51,70.58,41.65,66.71,21.12,#N/A,73.54,67.21,125.47,611.57,86.17,46.93,21.065,45.43,112.11,40.22,20.8,376.67,97.13,37.58,29.35,75.45,43.2,83.94,#N/A,84.6,14.94,18.4,41.7,19.823,116.59,59.42,29.7,63.25
2017-02-28,257100,165.38,148.9,73.48,46.7311,110.54,39.18,63.92,36.175,122.24,82.16,131.5,979.73,48.89,46.98,56.95,62.54,70.16,72.96,42.88,64.54,22.49,#N/A,77.53,71.02,130.06,645.8,94.06,51.97,21.55,48.83,118.61,41.23,20.71,386.3,99,39.07,27.11,80.75,42.45,90.02,#N/A,86.8,15.57,18.61,44.3,19.3192,120.1,58.45,31,58.63
2017-03-31,249850,164.01,146.49,73.89,47.0698,106.68,39.18,62.43,36.21,120.54,81.49,129.68,975.86,48.07,46.77,56.54,63.11,65.45,72.27,44.17,59.22,20.33,#N/A,77.04,70.63,126.98,614.66,95.42,49.99,20.86,46.89,122.7,37.96,20.48,381.19,95.67,39.28,27.37,82.2,39.9,90.06,#N/A,85.65,14.87,17.96,47.15,19.1104,118.03,60.02,30.25,60.99
2017-04-28,247780,174.88,156.37,74.13,46.1697,107.03,39.72,60.91,37.44,121.66,81.29,127.85,969.6,48.36,46.62,55.81,65.13,65.93,72.09,45.26,58.5,19.8,#N/A,76.71,67.98,125.04,610.7,97.31,53.31,21.45,46.33,123.82,37.38,20.68,374.46,96.24,43.41,26.9,83.8,39.35,88.27,#N/A,85.45,14.24,16.88,52.8,19.3623,116.92,57.22,30.45,61.49
2017-05-31,248440,175.18,161.23,77.56,45.0825,104.85,42.43,63.63,37.69,124.85,86.34,120.79,977.25,49.39,47.16,56.73,62.91,64.98,70.08,45.6,62.83,18.54,#N/A,75.5,68.99,124.51,587.34,99.85,49.28,21.715,44.98,117.77,34.18,19.78,369.25,97.98,43.52,27.23,72.2,38.15,83.39,#N/A,83.55,13.2,16.06,51.1,18.369,117.53,55.54,28.7,56
2017-06-30,254700,185.42,167.39,77.96,48.959,108.14,44.09,62.52,38.84,126.53,88.44,127.29,975.86,52.57,46.81,57.25,64.07,67.58,72.45,48.75,63.06,20.9,#N/A,76.5,69.17,128.39,594.8,99.37,49.61,21.535,46.63,125.07,36.89,19.53,366.06,103.69,44.69,26.2,75.75,38.6,88.63,#N/A,85.6,14.16,16.35,50.05,20.1757,116.49,54.62,30.5,54
2017-07-31,262786,191.81,173.56,77.97,49.0124,113.23,47.13,65.45,39.875,128.09,91,144.88,1071.51,55,48.68,58.79,66.75,73.06,76.16,51.95,66.25,22.64,#N/A,78.97,68.97,140.2,613.34,101.4,50.53,22.3,50.13,127.46,39.24,19.62,388.56,105.27,48.41,26.35,81.05,39.25,94.86,66,83.15,13.7,17.42,50.65,19.7294,119,58.06,30.05,59.89
2017-08-31,271450,198.9,182.06,78.08,46.83,102.08,46.48,60.48,41.275,121.18,90.5,138.51,1051.99,54.07,46.58,57.9,62.52,67.86,76.84,49.06,67.15,22.6,#N/A,76.97,66.64,134.45,562.77,101.81,53.51,22.48,48.18,120.79,38.23,19.09,373.21,94.69,49.06,27.04,76.55,47.9,98.18,57.07,93.35,12.69,17.5,50.4,20.7587,115.71,53.52,29.05,57.47
2017-09-29,274740,195.85,186.94,83.81,51.95,106.32,48.42,61.39,40.695,122.52,91.91,148.51,1067.98,55.43,47.86,61.55,64.34,73.48,76.57,50.25,75.81,24.26,#N/A,80.09,66.74,139.53,554.01,103.45,53.84,24.095,51.13,120.57,39.89,19.69,374.9,95.52,49.97,25.95,81.55,53,96.93,60.8,99.65,14.03,18.69,53.85,22.9613,118.08,57.36,32.05,56.69
2017-10-31,280470,210.22,197.22,80.93,53.58,110.46,48.65,64.61,41.945,132.45,93.86,156.54,1084.3,55.05,49.51,63.33,65.85,75.78,70.17,54.13,75.1,26.13,#N/A,84.13,68.58,149.38,566.22,105.49,52.13,24.92,52.04,120.8,40.16,20.29,392.64,100.65,54.42,27.35,88.5,64.1,98.38,62.18,98.75,13.49,20.96,59.6,23.4076,121.73,59.09,31.6,55.97
2017-11-30,291500,228.17,211.73,83.93,53.68,115.84,53.18,59.96,43.82,135.57,102.66,163.23,1106.9,57.44,50.28,65.83,70.79,76.55,74.73,54.38,68.91,26.86,#N/A,88.85,69.12,162.05,584.8,105.06,48.07,25.625,56.62,123.89,44.2,20.97,370.67,100.87,55.59,27.95,104,69,107.6,58.79,103.2,14.19,20.49,61.2,25.6605,125.35,59.73,33.25,54.88
2017-12-29,297600,220.46,203.09,81.39,50.56,114.98,56.32,59.58,43.89,135.64,104.71,169.47,1139.13,56.28,50.03,63.28,70.56,76.87,74.97,53.05,64.13,29.16,#N/A,90.71,71.65,155.93,596.09,108.54,51.71,25.73,54.89,121.84,49.47,21.38,377.91,100.84,56.04,26.88,101.55,68.9,108.08,58.64,104.1,13.82,20.61,58.7,26.9633,128.25,60.66,31.45,53.44
2018-01-31,323375.1,236.78,208.35,83.52,48.07,118.82,54.1,63.92,44.1,149.92,98.77,168.7,1147.69,58.76,51.65,68.32,67.6,82.8,76.9,54.16,71.37,29.77,#N/A,90.85,72.98,156.65,627.7,113.34,50.16,26.24,53.19,118.76,51.91,21.49,365.08,91.48,59.07,26.48,101,64.85,113.15,64.26,111.05,14.35,22.07,58.25,24.8112,126.39,64.26,33.55,48.95
2018-02-28,310250,226.16,195.89,83.02,46.19,106.32,57.58,57.34,44.44,139,92.26,156.44,1112,52.85,49.33,69.11,62.33,76.17,74.59,51.06,61.92,27.9,#N/A,85.37,68.38,153.79,606.15,112.8,47.21,26.32,50.96,115.67,51.02,20.03,344,85.47,58.03,26.29,97.5,56.4,107.91,54.27,108.8,14.02,20.52,56.85,23.4939,116.9,60.8,31.5,45.64
2018-03-30,299100,214,167.74,82.59,45.89,103.55,60.93,54.42,43.76,138.86,94.8,147.94,1170.25,51.52,49.73,68.73,60.91,73.06,74.26,49.35,61.94,27.15,#N/A,84.17,72.7,154,614.44,112.22,47.81,25.44,47.61,117.64,50.5,21.45,345.1,91.41,58.68,28.16,96.6,57,117.89,51.4,109.65,13.45,19.04,60.7,23.4867,116.96,63.39,31.8,45.87
2018-04-30,290650,236.4,171.82,81.5,47.67,106.32,60.29,56,45.57,131.6,97.82,140.21,1130.04,53.84,52.46,69.99,59.22,70.64,70.34,50.46,62.5,26.1,#N/A,86.74,74.56,149.4,574.67,113.22,49,27.23,48.38,116.77,52.35,20.4,337.52,92.82,51.11,28.17,96.75,67.5,114.85,50.78,101.65,13,14.3,59.2,22.9397,120.67,63.28,33.05,45.73
2018-05-31,287200,241.51,169.37,80.37,45.99,96.84,62.09,52.79,45.06,128.52,93.48,138.63,1097.08,52.33,48.87,66.28,55.8,66.29,69.37,46.98,68.92,25.65,21.36,84.83,76.47,149.44,570.56,109.88,44.67,27.78,38.81,113.01,51.94,20.98,322.94,93.35,52.08,27.8,98.35,77.45,121.24,47.11,113.4,13.25,15.9,56.85,24.8256,119,65.68,33.5,47.11
2018-06-29,282040,245.34,169.95,81.97,43.6,93.51,59.15,53.02,43.02,122.34,91.27,139.88,1084.35,51.13,48.28,65.28,52.95,62.25,66.86,45.68,72.87,26.27,20.61,81.41,72.41,133.48,574.97,107.33,43.84,27.73,36.99,117.26,47,19.91,356.15,103.49,51.72,28.68,99.6,75.65,119.56,40.07,109.2,13.42,16.22,55,24.66,119.59,66.19,32.95,45.56
2018-07-31,301550,253.22,179.42,83.36,45.74,100.91,60.01,55.21,46.54,130.14,95.12,145.67,1170,52.7,50.78,71.35,58.08,68.1,75.63,46.78,74.68,26.76,21.99,88.07,75.81,141.5,629.27,112.69,45.87,29.26,39.73,124.24,50.52,21.31,377.08,110.3,56,29,114.8,79.8,125.42,43.43,111.15,12.83,19.15,59.8,27.424,128.99,74.76,32.9,51.43
2018-08-31,315800,268.46,188.34,84.63,45.89,98.25,67.53,53.17,46.24,131.6,100.57,141.96,1208.8,50.37,50.31,72.14,55.19,65.58,76.67,44.9,78.05,26.88,22.95,87.92,78.26,142.85,631.78,111.36,49.66,30.48,36.88,123.53,50.07,22.18,374.89,102.82,56.86,27.89,122.25,81.35,122.49,41.51,115.8,13.45,20.33,64.2,25.7973,128.34,76.97,34.8,53.9
2018-09-28,320000.1,266.04,208.25,82.72,46.72,101.32,71.04,53.24,47.07,129.71,98.7,147.66,1188.49,49.96,50.23,74.44,58.59,67.66,76.81,45.65,74.67,26.45,21.45,86.69,79.93,144.56,652.53,110.97,51.66,29.57,39.07,127.53,49.67,22.38,356.65,107.95,51.59,25.69,120.55,80.45,123.37,44.24,122,12.72,20.67,63.5,26.3731,129.29,78.58,32.7,50.16
2018-10-31,307705,261.35,213.81,84.75,41.19,93.78,69.7,41.29,43.07,125.13,95.72,127.24,1093.24,45.42,46.56,74.01,47.07,60.19,78.64,43.37,67.91,25.41,20.29,84.66,75.9,142.37,600.68,100.03,45.72,28.18,36.26,129.69,43.76,22.05,326.48,97.21,44.33,24.96,109.74,75.19,111.38,39.63,100.09,11.83,19.19,64.85,20.55,123.24,73.93,28.7,59.31
2018-11-30,326000,281.36,223.38,88.7,44.63,93.76,66.29,43.25,45.74,130.37,89.19,129.75,1144.14,44.19,48.06,77.07,49.32,62.97,81.73,46.92,66.07,26.68,19.68,86.41,78.78,149.38,631.03,102.36,43.49,29.02,35.91,136.85,44.95,22.55,346.45,97.24,48.33,26.47,118.88,76.1,114.71,40.26,109.08,12.26,18.4,66.37,23.83,127.61,75.82,30.79,56.65
